name,x^6,x^5,x^4,x^3,x^2,x^1,constant
H2,-3.1585645820294e-13,5.423922735489195e-11,5.313775199230442e-07,0.0010619189371958576,1.4139927579467264,1059.6366359868798,-164322.86158290025
H2,9.73937900669447e-15,-1.8202829220038216e-10,1.2255895953956872e-06,-0.0037472519226871837,11.12297312032618,-7460.885467171556,2672849.3459520913
Li2,-6.380470480121879e-13,3.660970229235092e-11,8.231945411686656e-07,0.0015694646089085685,1.8920481499758965,1222.6676092264458,-194104.13391018612
Li2,-4.021184691772763e-14,6.84799627804335e-10,-4.0501595900053346e-06,0.008976169145346954,2.6668722041555872,-11434.630213849116,7908994.103114779
B2,-7.63518663164117e-13,3.3529218162337336e-11,9.041823047193044e-07,0.0016294304911393931,1.7810354027685982,958.533798099996,-166371.09721609092
B2,-9.763706529571049e-16,8.78648128135498e-12,8.251301698545311e-09,-0.00013494946930217404,5.012745318688114,-606.7519792976448,89716.17209420142
C2,-2.9938328754271805e-13,9.452204658430523e-11,6.057417979785759e-07,0.0011810582892016076,1.5780897301844656,1229.3856158581914,-77047.92118522958
C2,-1.546072060965741e-15,3.982059640562798e-11,-3.803474681649592e-07,0.0017088483225403568,1.808714612021642,1504.7588246250605,-367882.5442875291
N2,-5.856063088693052e-13,9.898639306834593e-11,8.339191721078393e-07,0.0014220420440455282,1.4990106408183839,774.4530989896757,-97266.4383469681
N2,-6.787748492415179e-16,1.3292381728769366e-11,-9.420330191674906e-08,0.00030795162728504194,4.22315298080054,-410.1400940250657,-93836.21720981124
O2,-8.418096042719602e-13,6.592851513044755e-11,1.0061112836596076e-06,0.0016952328917754507,1.6679096590166913,705.7341213218514,-97352.67273904629
O2,9.67310572931569e-16,-1.127400517489194e-12,-1.4373510819236796e-07,0.0012807627262134591,1.303767407030599,3211.190278606416,-1450071.019820504
F2,-7.247112161370273e-13,3.12151455912246e-11,8.735436959762577e-07,0.0016055060162258113,1.8134718801815974,1040.0996352957122,-184478.6378974508
F2,9.355377009014069e-15,-1.0633066354269766e-10,3.895857004733524e-08,0.003078712300363607,-5.980540529815904,12980.369960878903,-5565878.495704046
Na2,-5.259631167317266e-13,9.141200688464227e-11,8.245675122986648e-07,0.0015422865569186912,1.8848412899344118,1262.4980844554989,-189881.90262513177
Na2,2.542104916039318e-15,-2.1124848667324076e-10,3.1737672008014033e-06,-0.018744902560012128,54.56820036284941,-56266.29896085279,22367700.770106073
Mg2,-2.580347145776567e-13,1.4792167104735475e-11,3.958297365838417e-07,0.0008669823975604397,1.252103606897721,1041.1916148688233,-86514.37298999948
Mg2,-1.7184170863155592e-15,3.46164485764769e-11,-2.3372206610935262e-07,0.0006406645516257617,3.1211196438084285,-1020.6178580826427,686008.13271556
Al2,-6.426834265093133e-13,1.3600112090610796e-11,7.851593867305576e-07,0.0015285455557635375,1.8696370256784585,1229.6626433704278,-194763.8653678129
Al2,-4.2812749706308524e-14,9.197299685260668e-10,-7.632921321860001e-06,0.030148760047092237,-52.45801537713353,50969.06605401183,-17314649.18917291
Si2,-6.240679959857909e-13,1.0750319676378824e-11,7.623844676235585e-07,0.0014954091711181746,1.8449219324687345,1225.1390662369192,-206476.67690581156
Si2,-8.077177640358801e-15,1.456860962916314e-10,-9.46589403840029e-07,0.003101955942918765,-0.6732107524453446,4399.049416528569,-1510753.8375810606
P2,-6.730573220148356e-13,1.7516934997196216e-11,8.094053048778676e-07,0.0015378774768561654,1.8160081866555748,1123.7244270592123,-199386.76830308195
P2,-1.193712593425022e-14,2.094044543314133e-10,-1.2273302044782225e-06,0.0035011865716636477,-0.7034517971867441,3975.7723386777384,-1311555.996945236
S2,-6.564991039536748e-13,1.6025418294164635e-11,7.945098514658029e-07,0.0015233991361533418,1.8228174173988798,1152.6624706038888,-203665.78717295802
S2,-3.4444006565652137e-16,1.1721030265915879e-11,-9.730155166463714e-08,0.00040879163129609064,3.7862210771118696,645.4164258828366,-305254.7700369691
Cl2,-6.494397228795077e-13,7.886476027272036e-12,7.781825941440893e-07,0.0015159269874823373,1.8467951713429274,1201.4957779993224,-204791.76203467764
Cl2,2.379028801873643e-13,-4.789330970313723e-09,3.63510795426333e-05,-0.1307021259912089,243.04440451661026,-212293.10623607397,72647231.78024721
K2,-6.675324204494427e-13,7.521784746107982e-11,9.170515425781945e-07,0.0016740302790487647,1.9333044533633323,1177.7985503133034,-169392.0003370939
K2,2.84223441646146e-14,-7.366606344071482e-10,7.366289279602336e-06,-0.035325192220661286,87.41777521303115,-87434.65111060817,33624495.380856834
Cu2,-6.277171035580579e-13,1.3583049202129432e-11,7.725289075742343e-07,0.0015123836869724004,1.8658246982412314,1244.8968313532448,-191540.66321515533
Cu2,3.039513687236324e-15,-6.884443714925904e-11,5.231534946538301e-07,-0.0014149256206748468,6.557209129808583,-1243.1978516351867,233525.1778796155
As2,-6.191159448359808e-13,5.4779833436918374e-12,7.492352594272612e-07,0.0014819259607130035,1.8434769396784152,1239.5815660585822,-202999.63294548524
As2,-5.003235674003492e-16,-4.2145538489685094e-11,7.137620555633995e-07,-0.0032541117031884585,10.96196211839314,-5769.019479886758,1887635.0026151966
Se2,-4.3619957228695463e-13,-1.2510726804570987e-11,5.796080562979582e-07,0.0013104454326655348,1.8995158675673967,1541.0792278681802,-247583.62920941485
Se2,-2.922519489581154e-15,5.548640685565957e-11,-3.721216719057009e-07,0.0012902804485734054,2.285649348416063,1982.7991667608158,-604816.5231125099
Sb2,-6.190421276717912e-13,4.479500921190745e-12,7.479507525560807e-07,0.0014822807601246714,1.8485456028123675,1250.738441049143,-192696.5130541316
Sb2,-1.0133785922596058e-15,-5.380183062670607e-12,2.4454372233583183e-07,-0.001256948153244318,7.222526328924516,-2546.7779915465494,865306.0719229332
Te2,-9.381390747194494e-13,5.23489039286429e-11,1.1036640033628502e-06,0.001923796122341802,1.9956862115282288,967.045440306005,-133794.6573429506
Te2,-3.4999196320846647e-15,4.561531722050737e-11,-1.8484123216405438e-07,0.00044154737626069326,3.6934694709981724,2169.6154224748534,-1191299.4857529367
I2,-6.933317271494425e-13,-5.175354236579278e-12,7.944267581200474e-07,0.0015493520109972822,1.8735441501687773,1208.5852553821803,-179538.62661127135
I2,-4.8702309686991994e-14,1.4553413790461284e-09,-1.5593000604702714e-05,0.07596874960132106,-167.88621462370784,179498.70613935587,-68847017.11495277
Cs2,-2.975881778892458e-13,2.6871574857906373e-10,9.400821703370205e-07,0.0015923165978062592,1.8837093533015494,1249.5058161258514,-182490.50466487955
Cs2,2.8386625501119922e-14,-6.230103639527961e-10,5.274031131129732e-06,-0.021136492320526702,42.88320114837506,-27102.728588712405,6130863.371781621
H2+,-6.377644791970964e-13,1.0709493584257612e-10,8.928323651904274e-07,0.0014956867397570353,1.5251627937182282,729.617529949597,-88656.23927549543
H2+,2.3192257317456163e-15,-3.5866292653593194e-11,1.4740850052213983e-07,-9.84263847299878e-06,4.262295377190779,1.030293687051053,-343370.8200198804
He2+,-8.347860246706424e-13,8.254645691356043e-11,1.0275178386076475e-06,0.0017099850895123869,1.6609866574695227,681.5026005906918,-90185.15556589566
He2+,2.808682804524287e-14,-5.313193383018657e-10,3.7022447286751763e-06,-0.011993081534229372,24.826360211311954,-17046.27447933834,5251551.046694305
C2+,-8.375744357865702e-13,4.872931481099897e-11,9.799047901537305e-07,0.00168798500911362,1.7132282881954428,782.3572941993591,-120492.9287941172
C2+,-3.0707354013670475e-16,5.911853079415232e-12,-4.197479274394141e-08,0.00015259309856811707,4.283948242719848,80.47286399612335,-226506.86018699405
N2+,-6.525834407434263e-13,9.516370296728185e-11,8.849811859335497e-07,0.0014931290559486742,1.527954321993269,733.960290042979,-89906.59008343928
N2+,2.101167931885574e-15,2.8033138315964644e-12,-4.808337954668237e-07,0.003983943040493935,-6.001739040251601,11108.636564227392,-4622212.7247074125
O2+,-8.119083643227076e-13,8.06750766042475e-11,9.975698722153166e-07,0.0016551991815981855,1.600055081669552,653.6902164881686,-62824.72143810846
O2+,1.0160920494678174e-15,-6.240348608198964e-12,-5.183819034085889e-09,0.00014336975888987685,4.27301631639889,-38.54000608968561,-254981.65079157345
Ne2+,-6.15677396612432e-13,4.472476293445651e-12,7.432177737599224e-07,0.001471345752126443,1.8308738235213269,1229.7810934324473,-207087.31064487636
Ne2+,1.1838685432013602e-16,-2.3373790620435903e-12,1.7922523243358837e-08,-6.820867702260949e-05,4.636010435820046,-135.6663999371487,9087.32198035324
P2+,-7.08725875848559e-13,2.316415742454125e-11,8.536098112726509e-07,0.0016025722980830867,1.865285674289457,1134.201551274179,-177080.7177187318
P2+,-4.5527299543304205e-15,8.058742314821281e-11,-4.7495322046559044e-07,0.0013896690801521439,2.4330140184916487,1932.5614892005128,-763299.1617959823
S2+,-5.528118781487833e-13,-3.5476572632939273e-12,6.821150056560151e-07,0.0014106999253674871,1.8520985032792516,1337.742334910166,-225004.1494997348
S2+,-2.3850815749627096e-15,3.334216641436878e-11,-1.1449061658247715e-07,6.141328713495008e-05,4.7954808991871465,-483.6323141254337,211563.7438475295
H2-,-4.400789692437283e-13,4.796488572417999e-11,6.214313773905993e-07,0.0011731935874684356,1.42406965574472,941.8063510620779,-128764.98206392364
H2-,9.677598801480761e-15,-1.798497924958439e-10,1.1994626329027257e-06,-0.0036103384370066304,10.784786202755576,-7075.490193240605,2511373.894365595
C2-,-7.988671825682388e-13,7.848525992921075e-11,9.861550896930057e-07,0.0016493260939762682,1.618174886662951,685.0885566253897,-87085.94023795499
C2-,-1.1907735190248506e-14,1.7511030384347566e-10,-8.364745169577848e-07,0.0017893927388144889,2.8813778505436414,268.26912504433784,-134491.00201726827
LiH,-8.528076233649245e-13,6.759461806503821e-11,1.0264648087857788e-06,0.0017398378076539304,1.7326611809419683,756.1473773831337,-115271.45041480224
LiH,-1.355694017145275e-14,3.626817921629812e-10,-3.4319251494086538e-06,0.014945513876380124,-26.154674382558273,29706.918449854016,-11060330.927208286
BeH,-7.237163399541015e-13,9.903583869879177e-11,9.545984004522712e-07,0.0015878457221165623,1.5737457837976736,694.0110412354634,-84212.70165839302
BeH,4.984516363533727e-15,-1.4215479422317114e-10,1.3661209730939886e-06,-0.005439192452126392,15.400951428038347,-10517.10784032964,3427705.913871407
BH,-6.093184132817435e-13,1.0707606399168992e-10,8.688411654221013e-07,0.001464731766657786,1.5163226238094112,752.9328477809748,-93198.05854692971
BH,3.7354869531235366e-15,-1.0329536159175924e-10,9.535149105805342e-07,-0.0036844165680694164,11.931652790773477,-7444.430489003215,2350627.2261905326
CH,-4.3972256901733336e-13,1.086962979188602e-10,7.267105279924084e-07,0.0012753790171189912,1.4483552916347708,872.9031425944962,-117294.94239377495
CH,-1.0647949405688855e-14,1.92312720786245e-10,-1.3207725627820148e-06,0.004427774876312628,-1.676370814927196,3014.613595614385,-751883.0997498478
NH,-3.7829554245064493e-13,9.140037827655154e-11,6.449894185711843e-07,0.0011796555789086193,1.4226885213080027,942.5820246726971,-132413.4417983486
NH,-3.3344504557706827e-15,4.893450506890386e-11,-2.3406732408476554e-07,0.0006719599914016327,3.890827563844534,-791.6477890529433,187934.4407664357
OH,-3.567470293372222e-13,7.166670837181912e-11,5.930070193271369e-07,0.0011245822800337757,1.4112978490125885,985.2602855529603,-142652.53348836242
OH,-3.5991435674291935e-15,6.65137593645642e-11,-4.456096553878457e-07,0.0014635397370324564,2.625544355324672,-205.57623141909133,185601.7581253934
HF,-3.6063720490160954e-13,5.50001238702611e-11,5.678401882531232e-07,0.0011025813957427327,1.4096485906576512,1004.7003024351789,-147138.0849016832
HF,-2.3586980544999432e-15,4.506711475479699e-11,-3.1079323385885347e-07,0.0010293330683904885,3.3886747197004814,-1147.7777465960212,629850.0868193175
NaH,-8.112781647194102e-13,5.3043935127484115e-11,9.75607897511308e-07,0.0017043963209120532,1.7835940623914435,877.0338780181086,-147949.02200649955
NaH,-3.819671538884677e-15,1.4586743388637838e-10,-1.7046864103183364e-06,0.00862057132297296,-14.614093902117125,19597.193746274454,-7606583.611924847
MgH,-8.560538543718426e-13,7.087794574776471e-11,1.0317243417494553e-06,0.0017373281867629465,1.7114509381378,726.0252030006875,-106189.42551953644
MgH,2.0670318761201373e-14,-3.406214741776375e-10,1.9343516585361492e-06,-0.004228637428069761,8.296122522944113,-445.6459425727213,-921076.3199141609
AlH,-8.344511063871708e-13,7.98447094785957e-11,1.0225805427307833e-06,0.0017052050001633498,1.6600749794986795,685.0551516687541,-91068.00362222163
AlH,1.156091266994048e-14,-2.421418390243846e-10,1.8468118776548294e-06,-0.006433850265720396,16.26583717993781,-10551.099947432984,3330123.35544581
SiH,-7.287413424492719e-13,9.671335284756131e-11,9.548668428336932e-07,0.0015896493383216273,1.5748863205403267,692.9756499542565,-84259.57060586484
SiH,-6.033664065961939e-15,9.303406168178868e-11,-5.138331294029882e-07,0.0015174169517220316,2.4264066312991392,1207.87954789327,-628779.8076849394
PH,-6.061184613390294e-13,1.0464688622869265e-10,8.616894072935393e-07,0.0014562942544548998,1.5125861588726492,756.4370663778175,-93860.85632281263
PH,-6.1388091549776376e-15,1.1764323394462314e-10,-8.948795180914444e-07,0.0036245337158693435,-2.163863047026679,5397.59948832227,-2083220.6082973543
HS,-4.930279600257663e-13,1.046056139755426e-10,7.647431430901161e-07,0.0013273360458095518,1.4652026107156637,836.1371972265191,-109468.55994881137
HS,-5.660180051689071e-15,9.790512376551583e-11,-6.149120841153522e-07,0.001970083187961123,1.6064866173099266,1525.1164205720872,-683490.9945987304
HCl,-4.1749113599741043e-13,9.778857866288711e-11,6.888995059174173e-07,0.0012323197469822195,1.436036055047274,902.1896616301667,-123410.56840149246
HCl,-2.1784068048974035e-15,4.0782137386747526e-11,-2.7261290787589656e-07,0.0009045783501253262,3.4135157807289356,-233.49158802520228,-34261.521693954484
KH,-7.506282308265444e-13,4.2742696028286176e-11,9.1408453616526e-07,0.0016482986984334518,1.816209471345217,995.4080806692876,-175684.44948380507
KH,4.1541298010721e-15,2.974452901528322e-11,-1.2247521403497475e-06,0.008168775165409599,-15.596381044626096,21725.06149248379,-8616171.329402637
CaH,-8.325137317754507e-13,5.1196561346144035e-11,9.836938732416211e-07,0.0017003492852609174,1.7405039257837118,811.8486125913216,-129999.63656311747
CaH,7.754255430933632e-15,-1.9702267680768782e-10,1.759017566749271e-06,-0.006572880652297705,16.632980637140065,-10654.866857995807,3350096.6176659237
TiH,-1.300057497375542e-12,5.087669902402481e-11,1.4061441837382816e-06,0.0023150118911085655,2.1055646566830815,661.2582375313851,-101329.71281051682
TiH,1.1178002955811402e-14,-1.6220838394807381e-10,6.574581206135372e-07,-0.00012817626462119757,2.157284060450318,5575.074331649179,-2973141.4092002707
CrH,-8.446450848643357e-13,7.783253150878818e-11,1.0285634011066667e-06,0.0017161463101836253,1.6690510511372452,685.6676613910616,-92067.54819895574
CrH,4.547989891159319e-14,-9.003841296178889e-10,6.591031228952297e-06,-0.022062908438568476,42.051379257841546,-31266.394307547907,9782344.812292267
MnH,-8.526453241517783e-13,7.239248698917276e-11,1.029299237291083e-06,0.0017282214352247122,1.6948378146447263,710.8350735374738,-100894.50669278817
MnH,2.420031688874654e-14,-4.793325364436266e-10,3.515220220901635e-06,-0.01188578059968551,25.33063308210939,-17891.56939013856,5668675.123210027
FeH,-9.28371870036243e-13,1.0503191287914688e-10,1.1939388529987535e-06,0.002027251174267154,2.0644677405578262,964.8144334464747,-145949.34999323313
FeH,7.803563370088305e-15,-1.642578464082927e-10,1.2884291034097048e-06,-0.004740213411837023,13.813832323843574,-6377.489031595209,1453078.1933369976
CoH,-8.422052113944365e-13,6.283209075146108e-11,1.0023019292362886e-06,0.0016949476925830077,1.675958384084137,718.1685792011253,-101003.62183024015
CoH,-1.0542556942616314e-15,1.5956103251311333e-11,-8.251454010668502e-08,0.00023326024764814833,4.2769291646364636,-30.467176031151343,-201109.70107248056
NiH,-7.307130369677664e-13,3.3233135938780627e-11,8.797042781255586e-07,0.0016066898342074797,1.7983514097039857,1014.8833817550693,-177321.92232466504
NiH,5.81043543221555e-15,-1.413499099422924e-10,1.2065015790926492e-06,-0.00447774669573492,12.933214694247281,-7549.673097838335,2448070.0751817618
CuH,-7.682455771543708e-13,9.39182713155147e-11,9.852471911025449e-07,0.0016350381144207746,1.6006075401845314,678.5740940931046,-83210.41567889703
CuH,-5.902136430077981e-15,8.614750666930017e-11,-3.830156616199414e-07,0.0009183237225627949,3.648788344983292,142.0674526649403,-264480.01054708037
ZnH,-8.487212515138431e-13,8.412651812407839e-11,1.0461704247677635e-06,0.0017429740228875848,1.6967624781221828,699.3012197349957,-98190.52604702106
ZnH,-4.76824532880607e-15,1.764387196543019e-10,-2.0183524815948906e-06,0.009640432657401086,-15.425930146501797,19060.982750196403,-7106380.367750464
GaH,-8.498966148790912e-13,7.493725848709789e-11,1.0294767946992254e-06,0.0017225061905822019,1.6807543081530005,695.904247548756,-95810.91976549623
GaH,1.47111606575131e-14,-3.6846633498655716e-10,3.2443544061696736e-06,-0.012473291911673696,28.438449855459783,-21986.542035458417,7388656.124657108
GeH,-8.021896834480597e-13,8.763248974110894e-11,1.0051509978362425e-06,0.0016694775292508631,1.6251664165999158,674.5110107860045,-84859.36488982351
GeH,6.715402158849535e-15,-1.724380189948655e-10,1.5142294492880537e-06,-0.0056755438811755595,15.349866565158417,-10032.178883702643,3184238.7631438067
AsH,-6.666787360440727e-13,9.460800694143874e-11,8.967526185055637e-07,0.0015106693564451545,1.538541604534654,729.6141702407178,-89715.02781624376
AsH,-9.600677734929233e-16,1.7929882710083554e-11,-1.1972456796150168e-07,0.0003911004168966008,4.041835391248186,-103.74810560777821,-212640.9567048512
SeH,-9.714924481135463e-13,1.1347741451568297e-10,1.19126242574559e-06,0.0018921227404177642,1.6782755667411196,498.08290928563355,-45218.647787874914
SeH,-6.324667713317366e-16,1.2441926955470102e-11,-9.620297084935485e-08,0.00039026828706485456,3.5238748071824864,1723.366672306105,-1196606.2950838648
HBr,-5.025312228866173e-13,1.0430767543206979e-10,7.723141459519468e-07,0.0013374763186263865,1.468685582170343,829.4134706133659,-108056.22294557949
HBr,-3.030313597525492e-15,5.4951947825242613e-11,-3.6042460810564855e-07,0.0012024836886535667,2.8077581679626094,594.3714002222441,-394500.5359985953
RbH,-7.338223514371309e-13,4.1581297935269795e-11,8.998207169578181e-07,0.001635046768730542,1.8248338491107872,1025.3975530264715,-182066.7010049898
RbH,-8.49942333614423e-15,2.6668049170188365e-10,-2.8926374915176055e-06,0.013686955216236089,-24.76271089705134,29156.15606961191,-10935152.832325699
SrH,-8.198779941293507e-13,4.981277672360193e-11,9.750743693382144e-07,0.001700413856395583,1.768902263560024,857.2376469392212,-142453.89461575402
SrH,2.694251302370787e-14,-5.310966825999773e-10,3.8917274805204265e-06,-0.013110329830955452,27.250114825350845,-19242.023287551452,6103774.006423739
AgH,-8.207031244544806e-13,8.478124828735342e-11,1.0176418627637715e-06,0.001691536762691893,1.643472623183364,676.3707600544114,-87181.63509444123
AgH,1.5164906753644478e-14,-3.080682406401318e-10,2.3052082953660606e-06,-0.007909234310417334,18.70406538097672,-12556.303327981392,3955085.7933741147
CdH,-8.379061467235077e-13,5.121588482981282e-11,9.855542353769685e-07,0.0016963657728111781,1.7221330589228525,787.2674776950927,-122180.35642194604
CdH,-1.1227272111409927e-15,1.2821980857856397e-11,-8.199315290148233e-09,-0.00010727190261008805,4.96030832377679,-588.3867076714041,14300.274638586168
InH,-8.559493388385721e-13,6.723056832036866e-11,1.0254932494863015e-06,0.001731769162076265,1.7113824931839916,731.6196788134868,-107624.3862336943
InH,2.3816784131528452e-14,-6.534997570286118e-10,6.037850062767665e-06,-0.02396798469092374,51.15254658966148,-43219.108629940296,14930301.068140233
SnH,-8.447794093989071e-13,5.891732415956559e-11,9.993562405489887e-07,0.0016972857971229625,1.687653269190032,732.9709434369817,-105868.43652057229
SnH,-1.2735734582252167e-15,2.1576319715358172e-11,-1.328481918187354e-07,0.00043205394035576375,3.8765046457855266,364.6435165063944,-335120.9285470377
SbH,-6.449831525857687e-13,2.3905047221343365e-11,7.937024198804951e-07,0.0015067864797299725,1.7874852787427822,1119.5546076471994,-187651.04647184414
SbH,-2.354913664986428e-15,4.475609436075273e-11,-2.9979448946523654e-07,0.0010056764709209204,2.8357432119509287,1362.6186370084702,-547845.3769465991
TeH,-7.289304661243876e-13,1.093122546340405e-10,9.876400822507889e-07,0.0016500892287406373,1.6590077790150992,757.5277008334297,-110067.17435638072
TeH,-4.905284525765478e-16,-4.199557638475703e-12,1.9259914106003176e-07,-0.0016662136805643054,10.38710175780351,-7134.406787454754,2550189.060239754
HI,-6.230946183580278e-13,1.0307761051101144e-10,8.735935519381822e-07,0.0014733162337180034,1.5197076055628773,746.8457899692517,-92226.24681049837
HI,-3.991146806202588e-15,6.632428487874162e-11,-3.9684756669989445e-07,0.0012461106489713254,2.770620841884635,821.1274959931852,-502124.6316909747
CsH,-7.093218502913105e-13,3.2092116370676625e-11,8.632643826467647e-07,0.0015944884507032243,1.8177220193345776,1060.74656553956,-188858.2719988951
CsH,-2.762551148935672e-13,4.83874319559703e-09,-3.2083194646466436e-05,0.10513722969517181,-175.8045296863579,154451.14191377492,-51793001.94452195
BaH,-8.332483415905382e-13,4.104867361959738e-11,9.724130594424723e-07,0.0017049349357123507,1.7792953780610348,866.2341568613161,-144941.3850443791
BaH,7.935354905167305e-14,-1.3804053099112485e-09,8.428164885085874e-06,-0.021367177214445816,29.067982118652413,-11135.768371823036,693586.820452078
YbH,-8.310253750244527e-13,5.376849263921355e-11,9.89889173323806e-07,0.0017139323379700316,1.7632237965014508,832.7918092120176,-136296.57018125034
YbH,3.816253020478137e-14,-7.073560401517006e-10,4.833008903546744e-06,-0.015164026376421695,29.010643872008917,-19368.687327663534,5744538.102916842
PtH,-6.36480172251512e-13,1.0287182732418758e-10,8.847203788312832e-07,0.0014882877122207865,1.5253454195594374,737.7105186585662,-90616.16127312393
PtH,-1.4004791558223248e-14,2.380441133995959e-10,-1.4648131544694257e-06,0.004520658760221147,-2.5190887657023873,5150.616605467471,-1899573.2442883826
AuH,-6.285155355052201e-13,1.0368537531197868e-10,8.793351695646455e-07,0.0014806723878392724,1.5225332974938914,742.6608814117984,-91434.04961086287
AuH,-3.484991171934783e-15,4.3150016857383436e-11,-1.2250619520028165e-07,3.817042329208678e-05,5.259625811419091,-1554.120676386122,348103.13769526035
HgH,-8.149084163757521e-13,4.3340807799085613e-11,9.58022360856592e-07,0.0016781892778221952,1.752730660084539,856.3398134866134,-141024.7110986929
HgH,7.639944168511084e-15,-1.368291096306889e-10,8.857398505586433e-07,-0.0025713901017588026,8.431923652243192,-2958.9931443068685,674598.7013005209
TlH,-8.542093563710815e-13,6.28675330763856e-11,1.0197205785270902e-06,0.0017344370163781865,1.7333153765820575,762.3911222130448,-117019.58263836459
TlH,-1.971530465364754e-14,5.1160869587521126e-11,1.8122546802411214e-06,-0.011615658649341469,32.283144421574846,-28712.704005600848,10543020.675959628
PbH,-8.510563969363664e-13,7.303771200166778e-11,1.028522062757954e-06,0.0017255426402087725,1.6904528015046125,707.2053437477654,-99658.94805448475
PbH,2.169213980379085e-14,-4.4610266365575884e-10,3.372393606239247e-06,-0.011680286014607641,25.382828884443747,-18244.052788551133,5867572.051557512
BiH,-7.953241017826967e-13,9.436142470490677e-11,1.015940503203749e-06,0.001691106328350622,1.6616954161573108,708.4758597579286,-97457.67108877236
BiH,7.547397349092783e-15,-1.6522856541842086e-10,1.3025655789642423e-06,-0.004805101847981347,15.180385388487416,-11289.798405531343,4048428.21343334
HeH+,-4.047866673958215e-13,1.0980911011809388e-10,6.995788546961897e-07,0.0012405824170369554,1.4405926491023038,902.8746219513301,-123624.70581988448
HeH+,-8.212013343034039e-16,1.2563255493761925e-10,-1.9270964118252358e-06,0.01056736231527406,-19.324139992756912,23516.952816574976,-9092863.80118084
BeH+,-6.611253507293084e-13,1.0307604071457351e-10,9.067380224491625e-07,0.001518730778087467,1.5398508854150825,724.314663350134,-88388.80521218403
BeH+,2.2078037710833018e-16,-4.852609866253556e-11,6.344513596469404e-07,-0.002783445952397728,10.554602126253553,-6317.815026199089,2003709.0450566176
CH+,-4.940735898302065e-13,1.0082870309470875e-10,7.586068154852277e-07,0.001320447180314562,1.4606411582981027,836.101088633907,-109126.83311568755
CH+,-6.5388227645107985e-15,2.4267168778000423e-10,-2.977552554285728e-06,0.01592211959534631,-31.96839540807189,36668.30380042338,-14007183.775546791
NH+,-4.730140048974845e-13,9.525522295088248e-11,7.32411238811545e-07,0.0012930656027253652,1.4639540323324571,879.6772506164938,-95845.38780229968
NH+,-5.9078844682121336e-15,9.885533914324888e-11,-5.94476698064412e-07,0.001748560189400335,2.1884949995655307,831.516985990134,-371538.9768296922
OH+,-4.0250504934671163e-13,9.852420504008056e-11,6.77684927207784e-07,0.0012177351457843273,1.4326048905658129,914.4963553274005,-126144.24357348512
OH+,-5.79107591480599e-15,8.336355791425678e-11,-3.993475663893555e-07,0.0009641645098560531,3.8302604592164076,-950.1865924354773,289932.93875805766
HF+,-4.345718164678283e-13,7.431692172191968e-11,6.637048364830982e-07,0.0012156810974690844,1.4408355652625253,923.6086555188931,-129078.81340432551
HF+,4.127665194087942e-18,-2.459688828630428e-12,1.8462858891262184e-08,0.00013178528815361852,4.157298258268306,-654.6356514046192,104041.25383825308
NeH+,-4.596431829267001e-13,1.1101543459651116e-10,7.477468793466633e-07,0.0013017907064061197,1.4572453022540042,855.9867852653454,-113572.07358909101
NeH+,1.3669108924338487e-14,-2.598999159090406e-10,1.7777768482264657e-06,-0.005530117097373648,14.005874529682686,-8753.698077444651,2646964.4552468066
MgH+,-8.289734758786049e-13,7.755823412156512e-11,1.013026562862674e-06,0.0016918645795771072,1.6502504379159812,684.7160687827355,-90413.22699850872
MgH+,1.313730562959235e-14,-2.51687998085565e-10,1.778105103086505e-06,-0.005766592909663935,14.307896122695956,-8297.831538185894,2415003.0949061355
AlH+,-8.481642569394495e-13,7.985006998999188e-11,1.0348584963035146e-06,0.0017227420735096929,1.6696794425758474,679.278355279439,-90480.68730019605
AlH+,7.958978077660604e-15,-1.068426029609973e-10,3.7187077371068415e-07,0.0001949428513003919,2.3822467212756018,3028.985600449916,-1631398.828434442
SiH+,-6.821410953585045e-13,9.994675575570534e-11,9.194959121733721e-07,0.0015381023992623174,1.5487961272302302,714.3651164844314,-86902.60867314634
SiH+,-8.208054679222769e-15,1.3239301073519333e-10,-7.762153275800628e-07,0.002328320409218072,1.1206728719618695,2189.6482357858526,-934948.5385672965
PH+,-6.007644614593546e-13,9.821245172647275e-11,8.45907959204181e-07,0.0014392838326645003,1.50763914364888,767.2821039507023,-96161.30010839613
PH+,-2.3800976187817e-15,4.78084813529139e-11,-3.3615495537074805e-07,0.0011273006910927923,2.7792294203912027,880.6509466846569,-535054.7569050816
SH+,-5.996838353869332e-13,9.838997129292761e-11,8.453043823994086e-07,0.0014384023602668201,1.5073656107351558,767.970494939306,-96254.592240673
SH+,-9.438157754412296e-16,1.8031498814331047e-11,-1.239099328708862e-07,0.0004069415472482244,4.040124695520598,-212.11208091079652,-166637.52001997194
HCl+,-5.008468170367887e-13,1.0517376902259394e-10,7.723964189538297e-07,0.0013370903672605622,1.4684724144112957,829.7594902805682,-108170.44886919869
HCl+,-4.8550116897467824e-15,8.373562585681738e-11,-5.244519240872761e-07,0.0016888693810936815,2.0615593759199413,1178.3109083938334,-579293.1614643956
ZnH+,-7.778769432475565e-13,9.327510774167896e-11,9.928668458176902e-07,0.001646700143784534,1.607969922777985,676.0906061238805,-83347.21977541312
ZnH+,2.0214092665046442e-14,-4.1351499808696047e-10,3.10867541152671e-06,-0.010766928686914394,23.854776818338994,-17140.979279380674,5493435.105073893
HBr+,-5.782426301446197e-13,1.0515637108583547e-10,8.385490108187066e-07,0.0014248484732197477,1.5000258384530238,774.3939129684286,-97237.44593600738
HBr+,-5.1302214105962405e-15,8.702234071935044e-11,-5.355915433204751e-07,0.0017114034871552543,1.9851915854340343,1421.447940408337,-696850.0585208073
CdH+,-8.190853435830632e-13,8.523990198234187e-11,1.0167871463342865e-06,0.0016894995173107206,1.6410170284894492,675.0280541159458,-86604.99166298144
CdH+,1.658280123062241e-14,-3.2033812850047256e-10,2.2494383612129497e-06,-0.0071037714460071896,16.187176817387453,-9498.80032577353,2671593.2334368117
HgH+,-7.363609102440044e-13,9.687659441503975e-11,9.619299835088392e-07,0.0015995262778803715,1.5800011533669782,689.273456801794,-83865.93703280728
HgH+,1.2689445590929628e-15,-5.235359258391008e-11,5.425326618024624e-07,-0.0021056710054264687,8.815800571903456,-4328.8318403116955,1234634.8787532728
CH-,-4.5178302587250944e-13,1.0443153832408148e-10,7.295277544775577e-07,0.0012815587421484832,1.450959878328839,868.5391215997025,-116162.90466681014
CH-,-6.980089896212455e-15,1.2474691485942543e-10,-8.845815679186215e-07,0.0032390126697105777,-0.6476375708516219,3110.4613868003557,-1067950.6383644522
OH-,-3.5221459012872525e-13,7.210149163009139e-11,5.899921177756446e-07,0.0011205643978810544,1.4104445916265398,988.9487806493314,-143169.80773815984
OH-,-6.369134512233057e-15,1.2161093169191175e-10,-8.348157224306006e-07,0.002785258591241292,0.3013569345366106,1819.8159600148906,-500190.57884605625
SiH-,-6.854874388108765e-13,1.1314212052386742e-10,9.466562137176961e-07,0.0015691363190403645,1.5655456200610272,707.1849054352548,-87090.26200321417
SiH-,-4.784891072458909e-15,7.554235039508646e-11,-4.425177152400392e-07,0.0011856025863435796,4.222407561661927,-1506.341636839497,599179.2227155291
HS-,-4.912088195014654e-13,1.0482542136508688e-10,7.636022620209597e-07,0.001325764146479817,1.4648012210939714,837.4718326513329,-109687.46073184338
HS-,-4.997906494246927e-15,8.309261973568645e-11,-5.028147035407207e-07,0.0015738691397951172,2.315611489989537,906.6183942107597,-475810.4303182595
CN,-7.015975105987848e-13,9.157126382680417e-11,9.216360471260636e-07,0.0015462398290757456,1.5537319197839792,710.093737119431,-86593.40078227577
CN,1.7620833766623496e-15,-1.4683666196019783e-11,-9.243493787972783e-08,0.0013877157403441459,0.5114111511846797,4220.647978469419,-1979336.4637481456
CO,-6.594860304839525e-13,9.529655141878977e-11,8.913783237312042e-07,0.0015021403575894805,1.532758510868757,730.7850607206803,-89658.86610017165
CO,-4.624642244237249e-16,9.637518679603276e-12,-7.049584091742043e-08,0.00024209300783308263,4.28423492622785,-318.19670326341003,-143596.5365904572
CF,-8.315893208377418e-13,4.9624847451828215e-11,9.79163093669962e-07,0.0016929751593297367,1.7320256877823488,806.731538661451,-128021.38404347634
CF,-1.3296256848257813e-15,2.33981834074462e-11,-1.3887438124525906e-07,0.0004449409733643297,3.9233951118883676,336.56759271917895,-287188.23243511986
SiC,-7.179829267428019e-13,3.155008981426198e-11,8.637212199631836e-07,0.0015814430044789288,1.776012680189425,1008.2322220329996,-176892.10765428265
SiC,-7.271062475053277e-15,1.5071384406053492e-10,-1.1916192358724346e-06,0.004303235549472621,-1.7775415828811474,3670.140107582213,-781573.4378048495
CP,-8.217499615514787e-13,4.3533317262095575e-11,9.624688090741276e-07,0.0016799344434409408,1.7426596509749928,837.9752993716371,-136240.13113063783
CP,-1.6818774010630217e-14,3.728645208592701e-10,-3.185158599412892e-06,0.012923272400485051,-19.360135710276335,20248.921757962784,-6674364.16816539
CS,-8.276390953411407e-13,4.60445087832755e-11,9.699640169073181e-07,0.0016839122622691828,1.7319406645274296,816.5796291664337,-130386.2448091216
CS,-1.2008608026119122e-15,5.936476222836983e-11,-5.439139279213885e-07,0.002129224097629106,0.5361910803858828,3535.633093144452,-1424882.503160387
CCl,-9.261896747831106e-13,8.315089026975252e-11,1.101259455977845e-06,0.0017949717224823233,1.659395453908005,579.5150627300013,-54108.923889915255
CCl,-7.981394523070469e-16,1.178177384631689e-11,-5.7133239637562486e-08,0.0001352127884643419,4.602387930999037,-224.45369154703727,-229003.43597789676
CSe,-7.57966639532579e-13,3.084604926870747e-11,8.950668533475434e-07,0.0016196835481772386,1.7799020131781966,967.8249529867048,-168312.02480382947
CSe,-4.5107310573536324e-15,8.640018972977302e-11,-5.753599287407146e-07,0.0018779299338807596,1.4210867485956895,2524.9726862163575,-963474.1460024958
CBr,-7.563656770102912e-13,2.744743663525844e-11,8.869700868684625e-07,0.0016091355816066303,1.7717603087853226,966.5048850661981,-167581.18636576983
CBr,-1.4860898198254728e-16,2.3734129563954654e-12,-1.370574429011582e-08,3.245037168486348e-05,4.485998430052523,-60.4485773493846,-108647.84848648602
RhC,-7.705078561941102e-13,3.00614963180745e-11,9.036559914556366e-07,0.0016297700052773454,1.7789539486506971,953.8390159478469,-165065.204998377
RhC,6.101155584370929e-15,-9.772457810628676e-11,4.617184591079546e-07,2.9130585812617915e-05,1.6242796761315819,4644.891803647889,-2307689.705721021
IrC,-7.683651076728672e-13,3.139922064268926e-11,9.037003958346326e-07,0.0016279601658935536,1.7752647317450463,950.3826078098749,-164224.13269642077
IrC,1.6444712422209604e-15,-6.867040372955955e-11,7.973756801863161e-07,-0.0033886084061412677,11.19224256070535,-6132.555966420617,1954689.9457139806
PtC,-7.674092364766601e-13,3.058125254378411e-11,9.01879028174095e-07,0.0016270200613629198,1.7776652745498494,955.213343636813,-165367.76950819872
PtC,1.6051807189704092e-14,-3.5037367313954857e-10,2.8318577677207003e-06,-0.010056466747262996,22.07629947177467,-14763.03879940789,4605252.127407687
CN+,-7.216149332293092e-13,8.95243409717121e-11,9.355546760343887e-07,0.0015667934481920658,1.5637069913700161,700.6879582980571,-85234.20714641806
CN+,-4.855655130224388e-15,1.5391432203874738e-10,-1.726946265457017e-06,0.008766180145763443,-14.663342133362258,18518.088469799568,-6993620.609161667
CO+,-6.421218797816847e-13,9.672184469967477e-11,8.788008594374271e-07,0.0014841021419127838,1.5247402271038026,740.1160454882673,-91190.18961693897
CO+,-5.499576491556164e-15,9.365349518438712e-11,-5.431739141822003e-07,0.0015054769803168196,2.5367626044302884,876.3673121707325,-472417.8521850861
CN-,-6.991066977388805e-13,9.212696245329487e-11,9.20506188061475e-07,0.0015444771766565874,1.553192355129636,711.5012188735773,-86916.10315229982
CN-,-7.594415196873903e-16,1.439518212014141e-11,-1.013064566381592e-07,0.00035135976896650834,4.064124697506487,-51.13225820316923,-240900.39194873275
CS-,-8.271647189877443e-13,4.608726099893099e-11,9.696447994146468e-07,0.0016834903814533827,1.7318533278872914,816.9583928932828,-130479.71401572235
CS-,-1.4166702141667656e-16,2.913549023629233e-12,-1.926695786302159e-08,8.954681706542835e-05,4.420622463451279,-27.168617751605197,-176115.85726021696
BN,-8.446207783846364e-13,6.329203610870739e-11,1.0062033846350778e-06,0.0017022301229616351,1.6847509446461955,723.4916183109939,-103446.51546268625
BN,-1.2039532060468543e-15,2.444879103698731e-11,-1.691205875707884e-07,0.0006153720692844876,3.530053432547487,694.0707549129833,-461719.6941897598
NO,-7.965984585990447e-13,8.246872016180428e-11,9.87851525498732e-07,0.0016416365245691305,1.5953744302390076,660.7211439205375,-72559.4185240254
NO,-1.007193543500718e-18,3.4765190549276713e-12,-3.7646336772023885e-08,0.0001758093492440226,4.300823655738922,-122.68002112358894,-220887.69168256625
NF,-7.953245108257145e-13,3.931939598338708e-11,9.374930398466307e-07,0.0016608701616991864,1.7669126867114227,899.0506954969597,-152178.68469076123
NF,1.5687861730490654e-15,-3.650834430858102e-11,3.089472886366674e-07,-0.0009748018646579074,6.0997328420722,-1210.6869601560852,167891.03646174277
AlN,-6.616948558650832e-13,1.6778231605583478e-11,7.995749985619013e-07,0.0015280350795216086,1.81996059673606,1142.2449099450973,-202466.73104233682
AlN,-3.227949325224381e-16,6.471000895491734e-12,-4.154752186904092e-08,0.00017473476781670796,4.248409000205937,207.8720857839674,-153184.30843768714
SiN,-7.955659244773265e-13,3.8021465468232954e-11,9.345719227939911e-07,0.0016557737321129715,1.7599983454985038,893.6873754595538,-150554.91834046325
SiN,-1.4715863629687703e-15,3.0008117806947794e-11,-2.0643683971327695e-07,0.0007185205139542062,3.3344882233707045,933.0567062589263,-472233.1367990232
PN,-8.361001801893662e-13,4.92225164993211e-11,9.805434441394771e-07,0.0016909385208292841,1.7205329865553576,790.6242550889469,-123193.29466900768
PN,-3.8818799846433096e-17,2.473330452867153e-12,-2.3224282775694354e-08,0.0001185158555310124,4.345466151685322,44.11290072702394,-214736.8885666865
NS,-7.34070444209378e-13,2.3942381528412667e-11,8.635502463166034e-07,0.0015848292593519141,1.7779721970009923,1013.3482968666376,-148949.4688465831
NS,9.397274042954041e-17,3.1526042089860985e-12,-3.8339275999290946e-08,0.00017794324402553523,4.190125657708343,230.3601904032813,-182713.9250786839
NCl,-6.904226758958061e-13,2.3046762236714194e-11,8.328055105617696e-07,0.0015630090617828958,1.8172031329366172,1096.1775807738502,-194958.13262307268
NCl,-1.8864867401997307e-15,2.2925813064614327e-11,-6.528941098516005e-08,9.083639404652289e-05,4.634047066651313,-226.25889178198787,-7513.244482149071
TiN,-6.826753856324569e-13,1.7802718870045995e-11,8.160695087514875e-07,0.001541725977136081,1.804457086690513,1099.8314424345388,-195434.52294742985
TiN,-6.095325341814855e-17,1.1489339500391492e-12,-7.435346895985886e-09,3.368144955862742e-05,4.4683938182974865,1.274591663349076,-95225.66801729915
AsN,-7.700396925439187e-13,3.232535223144167e-11,9.064364415443343e-07,0.001630308037798737,1.774042963478297,945.7985310314205,-163143.8849751453
AsN,4.795548405377178e-16,-5.361983591507867e-12,2.3474614687493543e-08,-2.2357507129384106e-05,4.56906782785509,-92.29276076555212,-117281.9973315256
SeN,-6.792190450952974e-13,-3.152400522822815e-11,7.550748161918566e-07,0.0015553576712459287,1.9881227959528562,1364.8226025996496,-274945.3021960349
SeN,-7.964998805318103e-15,1.3411324457740097e-10,-7.936187727656776e-07,0.0023678640912629893,0.7745964322311104,3209.874439325674,-1007174.9023553773
ZrN,-7.279848521425178e-13,2.3030829217086993e-11,8.584848146429897e-07,0.0015821249190623148,1.784280881025726,1018.608919284921,-179228.8436969997
ZrN,2.157781969227025e-16,-4.3502930789095886e-12,3.4772819692020374e-08,-0.00014092792990310198,4.806907816127475,-346.6988510980285,9397.32745717327
NO+,-5.797417057744271e-13,9.935762352517033e-11,8.295319925606894e-07,0.001415953253898465,1.4966401811467467,778.1031292820194,-97966.50067161708
NO+,-6.491017524680595e-16,1.2623544854567612e-11,-8.822168843171009e-08,0.0002843397361457583,4.277971988910028,-475.9822232203301,-68204.28253882265
NS+,-8.402060742194029e-13,5.3919675580089446e-11,9.895044372290442e-07,0.0016936456362769072,1.7040221421107982,762.1403260150041,-114847.44636180067
NS+,-1.5167620929793707e-15,2.5853565540863087e-11,-1.6283825141381856e-07,0.0005424911584028753,3.656159522807297,595.4074763763495,-407378.0129899438
LiO,-7.43574830618805e-13,5.829671563641629e-11,9.392841067324152e-07,0.001681968224017914,1.8515520754578543,1017.5011056585793,-177406.86217653388
LiO,7.219290397992532e-15,-1.4017287915589626e-10,9.908195627843257e-07,-0.0031882991839626037,9.983466022393864,-3953.700676236482,928288.3984866185
BeO,-8.791763739640371e-13,5.37212477297383e-11,1.0194894632946706e-06,0.0017266214163130014,1.69773705648387,712.3353781056139,-101566.56752021427
BeO,-7.740175668184803e-14,1.7286092491475214e-09,-1.4962885237264406e-05,0.06221650562701586,-120.39897343377106,117888.87806207054,-42165570.890073925
BO,-7.659825250532391e-13,8.415174696045037e-11,9.66015944883622e-07,0.0016148048770863053,1.593306643172897,688.5652921838484,-85342.82678158296
BO,-3.96249852831946e-15,7.560415191132629e-11,-5.05137433483522e-07,0.0016370251092641423,1.9076604455214496,1838.1650742325864,-853835.6964653434
FO,-7.65332576781663e-13,3.4068579353349727e-11,9.066708601689896e-07,0.0016323985620206038,1.7819931632922177,956.6306060982147,-165990.6366511755
FO,7.028717588767822e-15,-1.6266784541812115e-10,1.3568151058758098e-06,-0.005036406410856724,13.981694028757785,-8574.739794713756,2808714.7562667234
NaO,-8.103189780727961e-13,2.2108164551023013e-12,9.098431282862867e-07,0.0017032323248654616,1.9394546336373142,1122.6056087893298,-192467.71254390434
NaO,-4.822350789229003e-16,9.462507303640505e-12,-7.452734343629054e-08,0.0003106284406573453,3.7148098482339376,1346.1992670175794,-631530.6632804777
MgO,-2.637127459422304e-12,2.5791389372455426e-10,2.8848251652645453e-06,0.004091934807465259,2.5533715922136833,-709.904613783229,197797.0310862047
MgO,-2.138565965953338e-14,4.448390295652044e-10,-3.6897762094593873e-06,0.015807267971835202,-32.34073227623467,44208.63183982663,-17770034.279324666
AlO,-6.564526976719676e-13,6.011278624640139e-11,8.624008051768377e-07,0.0015659011741199315,1.7747846618159153,1032.881095901269,-182462.88953346445
AlO,-1.4613451754321852e-14,2.547125760993324e-10,-1.5094650068055034e-06,0.0029414728142801187,7.671003285476759,-10622.517286541997,5736572.005300609
SiO,-8.190807254353872e-13,4.2950956371845015e-11,9.590923078210525e-07,0.0016756240607165441,1.7407186812627085,839.8855192178252,-136630.8574316278
SiO,4.1603199775522795e-15,-4.188441629484813e-11,1.5185430522683116e-07,-0.00019336342601937375,4.564984661534486,66.68460217890267,-249876.10408061135
PO,-8.186775187637593e-13,4.2757144987120956e-11,9.58833542814073e-07,0.0016763812472518128,1.7436203152944616,843.6048311090627,-137670.1484162275
PO,2.902700193982244e-16,3.2243147538824347e-13,-2.3000843820354733e-08,0.00015696658265831976,4.235013563351102,192.9392963447676,-253681.88575209473
SO,-7.920176079042787e-13,3.94895096497069e-11,9.34112862171321e-07,0.0016543137388946218,1.7593210240223651,894.7599937270098,-150769.26621789054
SO,-2.3876469727511613e-15,6.71210926637084e-11,-6.660850336307531e-07,0.003012403739798368,-1.0068147923526252,4442.802330735294,-1507829.4358983147
ClO,-6.95991808671467e-13,1.4872877056103356e-11,8.249718659329609e-07,0.0015618673549178536,1.8312960740220205,1124.9966241531824,-177721.24691078337
ClO,-2.956377638629263e-15,4.595289472261496e-11,-2.3549231523909597e-07,0.0006536014256136576,3.686046379921464,551.6863070517546,-214546.57393187244
KO,-5.362355583680686e-13,-2.989590560774201e-13,6.716098414758203e-07,0.0013910583425856286,1.8378810248962028,1352.378813809334,-181001.65165960393
KO,2.9665267735230656e-16,-5.838866441099318e-12,4.397868932741033e-08,-0.00016285535725031234,4.8139654632697795,-302.39591765236275,148241.18975244794
CaO,-7.26321985995679e-13,8.291401715718398e-13,8.265137590880157e-07,0.0015722417789471987,1.835600803973264,1110.1388005473357,-194041.0530904744
CaO,-1.546418408218939e-13,3.236998321325997e-09,-2.6288869093272785e-05,0.10320755916568647,-194.36863411205357,182339.91624851144,-63547367.445732504
ScO,-7.34893250839141e-13,2.653365965203125e-11,8.709006677942108e-07,0.0015974069786479535,1.791640088320119,1012.9323480898775,-178370.53585922506
ScO,4.0861270615123155e-15,-1.2766398763065693e-10,1.3095431392539498e-06,-0.0053640944168924475,14.93201594925934,-9503.310684545626,3135573.8292997996
TiO,-7.646451113819937e-13,1.750145780781836e-11,8.801136756857578e-07,0.0016142589507506626,1.7981058426540126,1004.7165368396813,-161674.6418646463
TiO,4.063650120780859e-15,-1.0675659891273982e-10,1.0020924991971597e-06,-0.0038697637399576186,11.620884244649883,-6203.230491758403,1941087.147152172
VO,-7.525788463723148e-13,2.8831494307936008e-11,8.879852031608258e-07,0.0016139217853978775,1.784570156255894,981.9015468723511,-171512.13631082137
VO,1.06577707169534e-14,-2.244146751899101e-10,1.7476839513244879e-06,-0.005946493344508295,14.493068567109976,-8060.634735039006,2353251.668897382
CrO,-7.112555323375792e-13,2.488452707308075e-11,8.509016763590863e-07,0.0015790747379141338,1.8044600407849176,1055.9031488192516,-187386.70105963683
CrO,-2.6484401462373682e-15,2.28868220066686e-11,4.245942750241522e-08,-0.0005779178582228027,6.147143393534587,-1758.9784320845586,543636.9849631517
MnO,-6.876396118776786e-13,1.9524109806804703e-11,8.231653747287194e-07,0.001549745515844371,1.8061065095269868,1093.1953820092726,-194179.3038141227
MnO,-1.868871886124319e-15,2.422439625470833e-11,-6.983104759103363e-08,-8.158098511270173e-06,4.898421847812028,-580.0217222565759,147151.47240262493
FeO,-6.72088835201945e-13,4.9477633399252116e-11,8.56492690399878e-07,0.001562787956076483,1.7709740275182828,1027.6621076766473,-180795.32296710555
FeO,-1.003001690824064e-15,1.050197908422256e-11,2.6613036369032677e-08,-0.0006082851683421181,7.201685201153535,-3539.196696911307,1324194.907238947
NiO,-6.308497871513204e-13,7.1947313859838995e-12,7.591918671300658e-07,0.0014866842983143854,1.824251792911077,1198.970664299008,-207668.38415689056
NiO,6.871101540691399e-15,-1.4888155885708352e-10,1.1947435340179278e-06,-0.00421739049248378,11.772227376949962,-6028.629867368385,1858835.0889327424
CuO,-6.424767336989034e-13,1.1622193901235791e-11,7.794787633037563e-07,0.0015174212882501036,1.8532709400475933,1215.9001314135546,-191492.5433259148
CuO,3.623315011920152e-15,-8.665445301087865e-11,7.324446399854785e-07,-0.0025794119813348903,9.230151176642964,-4064.52951996384,1308100.862560597
GaO,-6.686536180541791e-13,1.842347113210676e-11,8.078987349909228e-07,0.001536922380484867,1.8197780598670248,1131.4742157719966,-200505.5073530215
GaO,1.7065823712469175e-15,-4.1811829149043204e-11,3.5913875245201516e-07,-0.0013028303266581277,6.989075944533558,-2242.3314555324137,682390.0688223852
GeO,-7.417470330142955e-13,2.7778127477621658e-11,8.779950102690442e-07,0.0016038865111607644,1.7879800598796722,999.398742820532,-175382.09977014118
GeO,-5.610676607614014e-15,1.2045100555982414e-10,-8.53255248821964e-07,0.0028950139852809242,-0.4629511579173073,4235.965405919363,-1549703.9945899996
AsO,-8.257263484334732e-13,-3.583825281229972e-11,8.698779871945815e-07,0.0017032920757229651,2.023320568618598,1239.8543214192714,-253092.08038757608
AsO,-1.189276915964223e-15,3.275649028289904e-11,-2.683608681666659e-07,0.0010856319286672357,2.2986165223436865,2461.2895307539757,-887056.0556430675
SeO,-7.424989061467755e-13,2.4835843413366524e-11,8.757466321014731e-07,0.0016081135360648767,1.8052264980927581,1024.8498710678032,-169732.5474901782
SeO,1.9579945814744476e-16,-1.0720811266882481e-11,1.4675028314476842e-07,-0.0006378176181105497,6.38524831986541,-2319.9609630974583,862845.9171099016
BrO,-5.942020438500545e-13,-4.9680542382607455e-11,6.621913589888937e-07,0.0014698830711468026,2.0316613894193414,1535.9943031683906,-309555.0924703912
BrO,2.1217560732277616e-15,-4.716970862249252e-11,3.773224428408631e-07,-0.0012621452567667022,6.587257506514237,-1433.3097447100554,522215.448691277
RbO,-1.729777672414077e-13,-2.8770626782893134e-11,3.426308038141214e-07,0.0010444068888412021,1.9093082213366699,1879.240923873459,-311048.48091857013
RbO,-3.759419455354083e-16,6.810258784900798e-12,-4.927659758789966e-08,0.00018000256906937985,4.154242501493821,321.5488078675957,49838.36524030688
SrO,-7.03361153686397e-13,2.4987229601186094e-12,8.125576894207283e-07,0.0015592300031187795,1.8481677653209236,1148.0009760958314,-198814.7444261867
SrO,-1.0856122559517221e-13,2.4490210280956513e-09,-2.1461928511246094e-05,0.0907913218365631,-182.65303769146584,181892.51568815266,-66441051.86570017
YO,-6.979878728280532e-13,2.0875800448286024e-11,8.336090706656735e-07,0.0015609981905397577,1.8051553629226749,1078.1550499311356,-191471.1735437031
YO,-1.3973724156493667e-15,3.07454220568163e-12,1.8986967953778844e-07,-0.0011611103581945792,7.230514914681678,-2749.0408404255404,897423.862746335
ZrO,-1.2870494927917504e-12,-3.0152025397953215e-10,8.811534922791501e-07,0.0020636165930841763,2.6828275059405042,1785.5029816797855,-460231.81423589255
ZrO,1.6212175852097047e-15,-4.3815080857909894e-11,3.759623406296902e-07,-0.0010141578922838823,5.684742797759977,-282.3520374529154,642297.6665962465
NbO,-7.425507928768937e-13,2.7054984992494417e-11,8.77130592289123e-07,0.0016025004253159708,1.785810547175493,997.3497607696928,-174866.67661744155
NbO,5.585952046250789e-17,-1.8526924657110173e-11,2.824345135643211e-07,-0.0012774939913694756,7.119125335515057,-2439.485726750199,706319.775225339
InO,-6.582554621943982e-13,1.3137082664226237e-11,7.915135456565461e-07,0.0015224430020402916,1.8264170609304808,1159.2294365018884,-204052.22752083853
InO,-2.3406474758818987e-15,4.1815702041373924e-11,-2.68530998105616e-07,0.0009015291893728593,2.9345825795089304,1396.8086222235588,-553432.009487043
SnO,-6.803788647329261e-13,2.0135844266905747e-11,8.192526798099726e-07,0.001547055355556459,1.812679685667849,1107.5041798877855,-196970.12351515904
SnO,-3.4328732423531755e-15,7.209577347183037e-11,-5.045366641308149e-07,0.0017209070528538917,1.595820443668514,2463.311087593557,-914886.0632736832
SbO,-8.626419499582547e-13,9.124844785179425e-11,1.0964222822094771e-06,0.0018655602831512375,1.899038200282845,880.9132533169678,-147884.57224656298
SbO,-5.309950164828638e-15,9.40920827764544e-11,-5.629449151310694e-07,0.0016456004464781022,1.8765715301705062,3584.606748227712,-1809959.9977493435
TeO,-4.920157652251909e-13,-2.041267504774088e-11,6.159526641055204e-07,0.0013681654280823011,1.931085051254629,1508.0914259153215,-284707.3824285303
TeO,-1.4534687621383774e-15,3.046928350308693e-11,-2.1501714807832152e-07,0.0007931916342048596,3.0972299791064675,1344.5865621068372,-422848.09542448964
IO,-8.524576163974078e-13,1.0059210574945522e-10,1.107922357957689e-06,0.0018843999513798318,1.929154799687492,911.4164913543132,-149173.17019919053
IO,-2.5906182241421175e-15,3.4207252603898814e-11,-1.2268495736615847e-07,0.00015454536981715264,4.298566990252871,1975.6376251959603,-1405826.7427473874
BaO,-6.477693144837375e-13,1.2438447886209295e-11,7.822236565745201e-07,0.001512657311866663,1.828743696177373,1175.2219563347132,-205879.77870816147
BaO,-1.1164413792233349e-15,-1.862083275566537e-10,2.8364031762182848e-06,-0.013555253484214474,33.22456310097648,-27813.263091397297,9952511.043000072
LaO,-6.926402004163718e-13,1.59147521253632e-11,8.219951408971969e-07,0.0015523586676831993,1.8129699103071273,1100.438078844847,-195198.54318166393
LaO,3.244504919443151e-15,-2.3256930071289357e-11,-2.820205744296311e-07,0.003385427424824551,-4.883676137274578,10284.361796836809,-4068242.278545545
TbO,-6.791938291593528e-13,1.6566355663794964e-11,8.108808013161003e-07,0.0015354620927030287,1.8020783391787902,1103.2589772612284,-196023.4176449515
TbO,6.989948165700094e-18,-1.9458648221236297e-13,2.426878336038142e-09,-1.5502232821269965e-05,4.551276749334388,-83.87523708428127,-61109.24191217656
LuO,-6.898601817009875e-13,2.0335413235653245e-11,8.26490441404184e-07,0.001553688752421671,1.8074331500347107,1090.7217407630067,-193900.66825304498
LuO,-6.577553686736074e-15,1.07887320179299e-10,-5.889048784542319e-07,0.0015416238295220654,2.5002254427831336,1293.1904890403066,-432536.0014785822
HfO,-7.364233258949312e-13,2.6311251137763043e-11,8.712246096391623e-07,0.0015965830879441953,1.787700920633579,1007.44475244456,-177069.9065429297
HfO,-7.435048659706777e-15,1.1007998576514851e-10,-4.87194755459057e-07,0.0009195982080404482,3.850388013857917,5.047801707110957,-14712.815890512207
TaO,-6.445004254295802e-13,9.360905203056794e-11,9.070261989556843e-07,0.0015965986930074987,1.758360130262106,978.1589812110009,-169097.9761230041
TaO,1.0254960340128476e-14,-2.1883716651492957e-10,1.761910124455018e-06,-0.006438222546065085,16.967266541419317,-10776.272055419757,3214054.7956994623
WO,-7.658989511559743e-13,2.94472503373447e-11,8.977775995628653e-07,0.0016203309214887936,1.7703341956231227,951.12544546364,-164108.1303490109
WO,-1.819846281855171e-15,3.157870684471546e-11,-1.8833300007521393e-07,0.0005474680407902082,3.7033207777711934,556.2844727385435,-309490.8208167701
PtO,-6.929224914415627e-13,2.257730331269596e-11,8.330376672408677e-07,0.0015610597691697694,1.8097976607950919,1086.1534981455732,-193225.03903974485
PtO,-3.5302460291018957e-15,5.368488167587977e-11,-2.4769096962967655e-07,0.0005598327264367616,3.9773286768082188,216.0633178348138,-129210.01891419706
PbO,-6.618025849866832e-13,1.5450603987225703e-11,7.982585947630056e-07,0.001529227093744882,1.8263792367997636,1151.309669551612,-203171.51455788896
PbO,5.151283501168091e-15,-2.4492248789214046e-10,2.8297574029128913e-06,-0.012251898526180308,29.08557740274834,-22914.729669443874,7946715.6936555235
BiO,-6.599687662263533e-13,1.507036813097197e-11,7.969778804392829e-07,0.0015299976109169446,1.8327653740112948,1161.1095362380977,-203977.03905854872
BiO,1.4852803921416935e-15,-1.8188256917882336e-11,-2.992873105904142e-08,0.0013010404759507199,0.5797374993793498,4478.772133651802,-1840943.4369453858
ThO,-6.64579571177429e-13,4.039423427700652e-11,8.375952669789445e-07,0.0015510423385759326,1.7890959553173666,1069.2372354973804,-189658.74419549992
ThO,3.3824957203869835e-14,-6.262495852917424e-10,4.200842276644634e-06,-0.012600485898149529,25.58424201709069,-17939.81717116518,5780770.118940883
BO+,-7.897201790323037e-13,7.726192593000612e-11,9.75647628887868e-07,0.0016348511826866166,1.6098254576680415,688.8824053898059,-87176.10382012262
BO+,-9.61747152123904e-16,1.9316182234478656e-11,-1.4017535316020877e-07,0.00048328747323632523,3.741137423142527,396.673883432687,-389705.5440237617
SiO+,-7.90027589320028e-13,7.730935727342936e-11,9.75983046189789e-07,0.0016352444237355032,1.6099001091244196,688.5473593660761,-87074.1696744442
SiO+,-1.609355750924712e-16,3.0566392344091275e-12,-2.0276822933814017e-08,5.614148394991268e-05,4.529377378437063,-320.23290424031666,-138022.30217744157
PO+,-8.408214427177371e-13,5.1756258801621555e-11,9.859351735024495e-07,0.0016894695749066057,1.7009119896824385,761.6050345679112,-114464.85288431821
PO+,-2.8946117522743097e-16,5.5788231119587206e-12,-4.0438315760018205e-08,0.00014511792798318525,4.2936228006097785,58.86843830289764,-228068.47721357553
SO+,-8.399916978419984e-13,3.778451166565676e-11,9.65254493964381e-07,0.0016811668531338771,1.730378835840961,822.8983872497106,-103803.75488588706
SO+,-2.3878059007581194e-15,5.04127655525096e-11,-3.6394589095991273e-07,0.0012447713359494158,2.3293920322318424,1808.1815168694154,-772736.324615763
AsO+,-7.765213814758359e-13,3.355827615517742e-11,9.130376036563384e-07,0.0016357848534287076,1.7690992050072198,931.456208353399,-159695.42185675306
AsO+,5.926272159644092e-16,-9.429990019784032e-12,6.374013398372481e-08,-0.00019253315451926977,4.911904167794926,-429.358261978173,1803.8207908911183
TaO+,-7.629620661893186e-13,3.052851070037738e-11,8.978195802882268e-07,0.0016212841655054205,1.774595210841108,957.1690981423302,-165705.66557813712
TaO+,-5.5379867230159e-16,2.6177502865159996e-12,5.549247933705526e-08,-0.00037081309194975765,5.45687663758017,-1035.2508264694727,244359.68359777573
FeO-,-6.56643208051616e-13,1.2423516312905609e-11,7.871621091289804e-07,0.001513046819295338,1.8122781960515182,1146.8967880459834,-202759.14437110996
FeO-,-3.471935282881137e-18,-8.306657308137576e-14,2.0865572337966587e-09,-1.4968360186372583e-05,4.548213345383986,-73.44782678851988,-49392.100722498406
LiF,-7.170010684064367e-13,2.8237799798980853e-11,8.617994458538736e-07,0.001591820063962298,1.8092989722023511,1049.1340753784302,-186311.94976126344
LiF,6.033839170299902e-15,-1.4489829814001862e-10,1.2137651193002413e-06,-0.004436316809836728,12.976413402210138,-7791.723489733412,2613703.5760576506
BeF,-8.221636400083462e-13,4.545849908875525e-11,9.663180857973083e-07,0.0016841980579793436,1.7447125895869087,836.6350165871849,-136108.4470621581
BeF,-5.318332789580936e-16,1.3194859182368723e-11,-9.4747426316258e-08,0.0003822119914884478,3.9016262003325717,460.7077815981035,-343411.41103727155
BF,-8.441791061697637e-13,5.559554699949912e-11,9.964650580448745e-07,0.0017033513787974358,1.711146201768002,762.322626017789,-115413.33974646771
BF,-2.1724895328831608e-15,5.0303919349455734e-11,-3.778387615097535e-07,0.001383526239736249,2.0989899659428777,2022.7045231339532,-906225.031408527
NaF,-6.303273537136251e-13,1.6080279963016384e-11,7.774654103373965e-07,0.0015131690269203355,1.8528652643978132,1217.4171997818323,-206921.2254108313
NaF,5.186737036021435e-16,-1.8136235290632305e-11,1.5275183537306592e-07,-0.00038377190044840094,5.209647196031836,-512.5923027645078,91331.33567097127
MgF,-6.584568883887059e-13,1.890949799474868e-11,8.021750630106961e-07,0.0015340769265425709,1.8321973302516972,1155.9681051565092,-203918.2462653122
MgF,4.491959561056042e-16,-2.2788733136309192e-11,2.666204515016706e-07,-0.0010428625272076728,6.652847676981876,-1980.8716037096312,607557.3279161637
AlF,-6.801018904319267e-13,2.1346431903711644e-11,8.218696908946677e-07,0.0015515316154771474,1.8187185765409866,1112.3566785992577,-197787.54362991417
AlF,-4.930262119431714e-15,9.658979856537854e-11,-6.645392032477106e-07,0.002280308775399732,0.6171120462601223,3342.94057841532,-1219548.173919423
SiF,-6.965769929693233e-13,2.32139626494266e-11,8.37105944921768e-07,0.0015656803726682995,1.810303815489322,1081.4848387997667,-192388.71120103833
SiF,-1.2817726503061228e-15,2.5403094707385757e-11,-1.67593605688281e-07,0.0005917024038587758,3.575651313312145,759.5381108947108,-354596.31407621515
PF,-6.938259145689999e-13,2.092407650673257e-11,8.308766771980654e-07,0.001559076441983272,1.8090661573714855,1086.9616037074,-193235.61342711883
PF,-1.7845694762010023e-15,4.909771433372131e-11,-4.775231416320029e-07,0.002275236368753982,-0.05973881343195701,4142.14911614998,-1507593.2459266419
SF,-6.421783832648236e-13,1.439360811425231e-12,7.617049303777237e-07,0.0015003978156100854,1.849373048110795,1225.3060759141142,-201190.88975388702
SF,-1.287518211292298e-16,1.8836889247095677e-12,-5.317411696576705e-09,1.9387644976934483e-05,4.50019053801625,9.419313934249143,-30583.06452898467
KF,-6.25971945450976e-13,1.4486168498417952e-11,7.720921948465839e-07,0.001509799315548723,1.859940178008777,1235.02055682756,-202368.47565160057
KF,1.194109107872795e-14,-2.2758081759013384e-10,1.549628498275949e-06,-0.004644559940760046,11.80352957043918,-5502.492138204721,1572531.729388355
CaF,-6.319100168994806e-13,1.3503923097220859e-11,7.729842602819516e-07,0.0015055957615737398,1.8418938480730698,1207.1038534545137,-207670.04996996745
CaF,-2.2698485299826532e-15,1.2532141567878187e-11,1.7362800533386848e-07,-0.0011483672948804956,7.311550240042392,-2805.578284067313,960006.6201446758
ScF,-6.667783229891385e-13,1.497734268505999e-11,8.011093853672355e-07,0.0015319361082396096,1.8237875754052921,1143.4802718197202,-202020.10166364326
ScF,1.3493154111945405e-14,-2.6403905883578744e-10,1.8522063597316824e-06,-0.005186800712837473,11.094550017569569,-3474.722911012583,411805.41013672197
MnF,-6.322754880745008e-13,1.0788402596822017e-11,7.671348056022098e-07,0.0014961116490194541,1.8298459023749962,1197.5741422440835,-207651.18075061927
MnF,-1.6523612936704815e-15,3.007698357368404e-11,-1.9112972090383967e-07,0.000629495358656703,3.4954324567430657,828.1861394371443,-328880.6232006096
NiF,-6.566749200381524e-13,1.2424054319240834e-11,7.871893047457761e-07,0.0015130805540251428,1.812284846501494,1146.8665239463003,-202753.51244873562
NiF,1.4501316984336374e-16,-2.8288546603564784e-12,2.1755886814616864e-08,-8.443642321485589e-05,4.6754542365990615,-188.21780247452952,-9455.205182704
CuF,-6.412022788822067e-13,1.563670346355293e-11,7.839462346980356e-07,0.0015171624007332884,1.841038063167784,1191.4735770392317,-206905.31203773752
CuF,-5.495360191341842e-16,-3.0526648543811606e-11,5.35481324205226e-07,-0.002519220814768915,9.939026202592776,-5227.277715833214,1804216.5765489815
ZnF,-6.352262808219626e-13,1.1420876693107122e-11,7.706115588884733e-07,0.0014999839531654663,1.8301474768005568,1193.3800262826437,-207274.6283252063
ZnF,-9.073613101956576e-16,1.0325728210285751e-11,-2.5889143327664502e-08,1.7873614736319645e-05,4.636576200423217,-197.89006829244352,22954.012243525678
GaF,-6.370290872918597e-13,1.4970923310215513e-11,7.791255392706106e-07,0.00151095646799238,1.8383462354839626,1194.431618569126,-207541.20296006597
GaF,-1.8193524874741911e-16,5.498785277924688e-12,-1.8125980916280382e-08,8.713201882893335e-05,4.484756601570202,-12.93444787768822,-52884.547259957115
GeF,-6.460241654085859e-13,-4.643944316095022e-11,7.104982076439693e-07,0.0015282057143132016,2.042252835274236,1484.06530711845,-295430.2367862802
GeF,-3.1260533038064418e-15,5.8071228286979364e-11,-3.8634740244676595e-07,0.001379241687451387,1.968895193329251,2603.474644677234,-843081.0790002008
AsF,-6.705835076766405e-13,1.3219019473698393e-11,8.024175453573181e-07,0.0015375428290678947,1.8343025628500007,1156.296827730944,-194488.2625278688
AsF,-7.145957695658452e-15,1.437621894193431e-10,-1.0381246823855616e-06,0.0037734964730872468,-2.210276755811378,5831.510736577428,-2014514.988916036
SeF,-6.603903576619246e-13,1.3276073375506112e-11,7.91341615514611e-07,0.001516872347769669,1.8102680172102246,1138.9888553091578,-201719.0321802227
SeF,-2.9553831584957433e-16,5.280341025215149e-12,-3.637916444997368e-08,0.00012208549635778492,4.293671198364639,159.2024256411394,-134927.23928591487
BrF,-6.526631546338146e-13,1.5079049416105092e-11,7.914200283057143e-07,0.0015242089854041437,1.8349715434001284,1172.059674156583,-205332.70864687103
BrF,2.888364385788288e-14,-7.323723170960551e-10,6.530175322011388e-06,-0.02565398478252521,53.91852812681416,-45385.66423541343,15774177.659752622
RbF,-6.256923226635454e-13,1.3463371464248938e-11,7.703143788532209e-07,0.0015087110663203629,1.8617567841142804,1240.2359065168014,-199229.10249013166
RbF,9.46160142957336e-15,-1.782515716629894e-10,1.1834875188542486e-06,-0.0033655194620267497,9.526533610701845,-3514.441880809845,908290.2656291606
SrF,-6.248558130082303e-13,1.1304758037379281e-11,7.642747308279661e-07,0.0014981754656487746,1.8474452800642116,1226.2265487659956,-206123.3356207512
SrF,1.2725419900568157e-15,-6.11154511451991e-11,7.32660540821631e-07,-0.0030782122827960594,10.63270470784216,-5570.984528430424,1860122.1064331045
YF,-6.378387297560087e-13,1.2903531499796829e-11,7.756803534600674e-07,0.0015063854035939593,1.8336950244075352,1191.6804657836947,-207378.8561770232
YF,-2.1788606637377886e-15,1.055486665769714e-11,2.1224978606746282e-07,-0.0013630305764534237,7.69174105554813,-3116.9954321674836,1042786.3538233365
AgF,-6.269710166074258e-13,1.237927136200431e-11,7.679141346819841e-07,0.0015022385121279105,1.8483624455711156,1222.8457630791336,-206227.79688724875
AgF,1.965579027218929e-15,-4.7006532788953975e-11,4.006780675749542e-07,-0.001392269050690988,7.1187282587363345,-2272.531814845684,710976.8063145812
CdF,-6.175355854142062e-13,5.16582682854149e-12,7.45703337750756e-07,0.0014734605513460914,1.8293577273512838,1224.3877610874324,-207790.98344352722
CdF,-1.569442921754012e-16,3.864077920232752e-12,-3.181296428564638e-08,0.000121905174151068,4.264794676548351,217.45977376210664,-123305.15829757878
InF,-6.283640722743404e-13,1.2465638589018009e-11,7.688858860417585e-07,0.0015025824139315853,1.845985252356679,1218.1044139755322,-206804.6109041592
InF,-5.653880954544691e-16,1.1473084220668355e-11,-4.1824151437222555e-08,0.00015862506811406565,4.333128789605694,180.4796394161533,-128462.12010782257
SnF,-7.796082918931684e-13,8.648661736713426e-11,1.0237238400114302e-06,0.0017876067344992296,1.9140223512491261,1002.3035335791271,-162591.82646463852
SnF,-4.155566661812153e-15,6.374905361980169e-11,-3.12129409201517e-07,0.0007212279386484803,3.6619713957958266,1940.8803874599782,-1199600.8413124557
SbF,-5.092455892714914e-13,-3.922353358308852e-11,6.071892556368915e-07,0.0013895201486863616,1.9991519485498972,1587.6884718334973,-305199.18738768366
SbF,-3.2232903982407474e-15,6.099482133373024e-11,-4.4111848502474043e-07,0.00174156982989779,1.3576936355263007,2858.225265010862,-844260.2618812897
IF,-6.436757801185269e-13,1.2022539674552546e-11,7.797001751907964e-07,0.0015135912411558912,1.840095911948509,1193.523939813427,-206499.28818320695
IF,4.179904371648534e-14,-1.065143443948093e-09,9.511451109178586e-06,-0.03740789243205424,76.51411465292942,-66140.96849985435,23035398.30951219
CsF,-6.253213894745203e-13,1.2625439499871223e-11,7.685250068789874e-07,0.0015068549715294938,1.8613974179126387,1242.2192838994247,-197713.2562590743
CsF,1.0220421870778296e-14,-1.9592943915839134e-10,1.3404102098840235e-06,-0.0040001918216493815,10.756330122846743,-4653.230556581987,1310978.5367749105
BaF,-6.266048237617946e-13,9.002565137244405e-12,7.619518278117897e-07,0.0014969927001420799,1.848947596823329,1230.251400881562,-204304.10878682727
BaF,8.85329684736609e-15,-2.0827110119848246e-10,1.7436252447996525e-06,-0.005933263159677719,14.21444483909743,-7399.228551498622,2090076.5898777707
LaF,-6.231110637238767e-13,7.2201477796724444e-12,7.536796737209228e-07,0.0014818828515628577,1.8294304733396545,1214.111480075574,-208095.3435341306
LaF,9.30737200706926e-17,-1.6848405924355299e-12,1.2508074329086128e-08,-3.651665882984059e-05,4.587209554503285,-88.16691095570297,-18324.07295381028
HoF,-6.342890632124686e-13,1.2790595887774804e-11,7.728206705308243e-07,0.0015035465509507654,1.8351146141091852,1197.7044677396184,-207711.77248326025
HoF,-6.21176446443424e-15,1.0391183919807433e-10,-6.014721675873097e-07,0.0017548100423176814,1.9100845972612372,1993.5236324001764,-674670.115603
YbF,-6.251375302338351e-13,1.1074064754369658e-11,7.64076956644068e-07,0.0014979688800060966,1.8471922648729169,1226.0183355755162,-206012.27540910125
YbF,-4.013704127779769e-15,3.445891211822783e-11,7.629722862028997e-08,-0.0009906094483715755,7.3104412270339525,-3010.6084003857404,1099214.8813226384
LuF,-6.364975768578846e-13,1.2405813416087332e-11,7.740913696506223e-07,0.001505593353333878,1.8362767703739926,1197.0819358522965,-207333.51288458827
LuF,-8.438427913308259e-15,1.0297305176689573e-10,-2.5530783266843393e-07,-0.000270939525686692,6.450500399012883,-2474.2549059724124,937085.3943454335
HgF,-6.203232046946857e-13,1.1794549354247606e-11,7.61285472722128e-07,0.0014940097469048799,1.846189270370479,1229.663755484273,-205817.97707032284
HgF,2.4259995499888203e-15,-1.4621122208820584e-11,-1.975881191701444e-07,0.001850763065800352,-0.28696355143324664,5252.007920786169,-2089222.580253294
TlF,-6.242357312688149e-13,1.1654410833241329e-11,7.647250245396948e-07,0.0014994632649465644,1.850385161347917,1230.120674810355,-205016.25013484416
TlF,3.079656621580995e-15,-6.054771583592531e-11,4.6586732860120495e-07,-0.001537881787860238,7.272918998334464,-2334.5120875313896,718172.1627444032
PbF,-6.305610452818112e-13,1.0216823398315025e-11,7.671455484531197e-07,0.0015023845338325399,1.8484689213366416,1222.5000855491478,-205261.2835984924
PbF,2.45563585391591e-16,1.8042282680626914e-12,-1.2745979497482182e-07,0.0012883218598129956,1.1270546496814815,3701.305694985665,-1476378.6176693055
LiNa,-5.882760910357289e-13,4.141564931018798e-11,7.884153991980107e-07,0.0015191681710868144,1.870304507936242,1251.6618778728925,-192774.11680155952
LiNa,-1.8965846455056635e-15,-4.262683648261519e-11,1.2207341206335668e-06,-0.009510243567338298,34.40862898019987,-36955.982625671466,15571301.910871195
AsP,-6.324485172961069e-13,1.1127015120424045e-11,7.683344484485149e-07,0.0014985887773747485,1.8336356390277688,1201.0902965177606,-207613.67653963668
AsP,-1.242226852227717e-16,7.441768722139703e-12,-6.758279144398905e-08,0.00030713868381900515,3.9579259655387364,507.2706776896102,-239356.09898680093
SbP,-6.199457926712822e-13,8.546876985969135e-12,7.548609202761822e-07,0.0014864119833540395,1.8411899462625334,1229.623419786311,-206527.89520080638
SbP,-1.275680930072123e-15,2.834514715935606e-11,-2.0524241566345124e-07,0.0007508420657066384,3.222347825078548,1122.9790871353166,-423836.5696933436
BeS,-7.655090065983441e-13,2.6152158137311487e-11,8.950076625261804e-07,0.0016263421871426055,1.7934443516823182,980.5893357992122,-171287.75312893602
BeS,5.2758492251580886e-15,-3.3734655398413644e-11,-5.163014367215833e-07,0.005672171405256398,-11.190450731793575,17363.537324088215,-6915758.819095795
BS,-8.04676678622983e-13,3.925893285315036e-11,9.431684283943521e-07,0.001663293602170609,1.754215851652175,875.571522620447,-145974.8669354169
BS,3.317600458118869e-15,-9.47727337893891e-11,9.580005652839153e-07,-0.003918821222867359,12.177441424357347,-7068.25168104771,2267942.8397374023
MgS,-6.266306331169399e-13,1.249954724715513e-11,7.675952778445454e-07,0.0015011672741156153,1.8463449467929887,1220.5532444572066,-206879.3639356735
MgS,-2.7339553096425533e-16,-1.1093373733589135e-11,1.9954449308299059e-07,-0.0008611387711610819,6.386678272226472,-1775.4466485417777,576379.7170628672
AlS,-6.364170314409927e-13,1.4116767175308568e-11,7.770990247355615e-07,0.0015087590191224522,1.837657204010804,1195.8458491401238,-207477.53818653096
AlS,-9.08502269781431e-16,-1.0635964928422055e-11,2.93479595957312e-07,-0.0014736989169790824,7.8338168998807785,-3287.9252326005276,1135455.4154964169
SiS,-6.624761144876277e-13,1.6440591957127425e-11,7.99533227597833e-07,0.0015279037218114261,1.8192346381175202,1141.15391043114,-202115.25622967194
SiS,6.667646976517359e-16,1.7984577550613875e-11,-2.3804897526641373e-07,0.0010764049386566509,2.3852966460477605,1992.9657492916556,-795594.9817801586
PS,-6.464885356592895e-13,6.678377038390224e-12,7.721363050322457e-07,0.0015056097007864753,1.8362521353925254,1200.4060367029597,-190307.39465696077
PS,-1.7412758423144034e-15,3.3141996642926406e-11,-2.1431035365481616e-07,0.0006941156028567236,3.4010077418557145,898.7373600578175,-326664.44727970887
CaS,-6.221680278670409e-13,9.299720814078322e-12,7.586929095295907e-07,0.0014925399429980976,1.8474654841045068,1233.482556636657,-204426.97279683937
CaS,3.5503893430638497e-16,-2.765491956876441e-11,3.586885875418097e-07,-0.0015026666400089431,7.540337324244465,-2754.724902383004,900551.1246591493
ScS,-6.259871899573354e-13,7.622190110159637e-12,7.570541296250517e-07,0.0014866230914442767,1.8324461815896491,1213.5071852090457,-207572.70462114483
ScS,5.078896551273676e-15,-1.0275211336543476e-10,7.755426227399037e-07,-0.002537451743951951,8.583768905930219,-3120.026700475303,859533.015970975
TiS,-6.448309078916684e-13,8.04717597650157e-12,7.739910503329617e-07,0.00150922223819758,1.842270229120376,1205.0320053444445,-195689.19471093782
TiS,4.241866563550686e-15,-8.450059810299495e-11,6.164740217085246e-07,-0.0017656562663689358,6.859008930079882,-1287.5577044566428,156032.346945811
CrS,-6.32931694086996e-13,1.2026850057967414e-11,7.700064162648205e-07,0.0014995213290111295,1.8317788637439947,1196.8789614711743,-207694.09671183804
CrS,7.835411608145331e-16,-2.5839791319426647e-11,2.623129177301208e-07,-0.0010337461606176141,6.584296675051026,-1941.6392154014322,623418.6631467326
CuS,-4.85030008285493e-13,-5.347109714478131e-12,6.277227414870103e-07,0.001355745183682825,1.8772207594378867,1452.5121975313339,-224170.7989027741
CuS,8.785463494233057e-16,-3.113668334755363e-11,3.2429497051760704e-07,-0.0012995216198734578,7.121171772037538,-2414.177014083237,897142.9936360018
GeS,-6.273750335506773e-13,1.0440235247530624e-11,7.633576909168482e-07,0.0014937388667774058,1.8356842432337277,1210.6726063920185,-207872.37987159236
GeS,8.612761783108973e-17,3.825731943914622e-12,-4.2158395731456456e-08,0.00021556567644993106,4.1368685848624,334.08171105919246,-169623.20705657543
AsS,-6.27785574867374e-13,1.0495164072309435e-11,7.639985555952152e-07,0.0014950178738259178,1.8374001606900996,1212.0879136845715,-207667.39699592753
AsS,-2.7242055715680426e-15,4.5753356908889684e-11,-2.536704886222697e-07,0.0007183557397423818,3.541562199628037,678.6822595612474,-244412.1656419114
SeS,-6.367776073833317e-13,7.220392651003509e-12,7.66169424860859e-07,0.0015006346699054773,1.8431428171511857,1218.2809744375706,-192854.98529600695
SeS,-2.094155775448891e-15,4.309046625495464e-11,-3.041731478915864e-07,0.0010832225622524488,2.634595869372189,1642.7876266260785,-591613.5345118312
SrS,-6.184229122230448e-13,8.13820491521985e-12,7.539602591252973e-07,0.0014882315514437605,1.849901430948088,1244.0699470195946,-200749.7380170911
SrS,-1.767037134628176e-15,2.341821107092639e-11,-8.879041718826383e-08,0.0001983081286758911,4.416038705380388,-21.07339435873478,-1005.45323372736
YS,-6.148745620456646e-13,3.460999430487225e-12,7.410631326651674e-07,0.0014698274191737041,1.832582575104873,1234.7407931996795,-206062.50454960592
YS,7.922879854105483e-15,-1.694746463585157e-10,1.3454949281033803e-06,-0.00474405660539577,12.69575242887855,-6808.5177320627445,2133616.599959636
SnS,-6.194367457685657e-13,8.07857909485906e-12,7.537179605509344e-07,0.0014854515559784586,1.8417186881675518,1231.810768838354,-206000.95940871176
SnS,-6.949808121837158e-15,1.3464055724700504e-10,-9.099329421201294e-07,0.0030136670554417352,-0.5818448273814948,4324.456146039967,-1478696.333652305
TeS,-6.193676281735019e-13,8.37010197853665e-12,7.544209698262519e-07,0.0014868235853550552,1.8438889529855262,1234.129748874405,-205249.68165162238
TeS,-1.4200865443847236e-14,2.550353637091702e-10,-1.6599615204627135e-06,0.005338477347945445,-4.373483153716632,7446.4005699807985,-2489251.6928175394
BaS,-6.294442164009302e-13,3.702083217389023e-12,7.552874557009531e-07,0.0014918467782717004,1.8498249305482792,1238.5858320798036,-198648.48006006345
BaS,7.48106506780574e-14,-1.5175601678749534e-09,1.1475085842885635e-05,-0.04012093131337392,74.97215629730685,-60129.97125079834,19757564.324533466
LaS,-6.166979932657177e-13,6.652436263211193e-12,7.490690880546546e-07,0.0014806117532915452,1.8416255535993225,1237.8438543257341,-204852.66936814255
LaS,3.673666685518907e-15,-7.90813487126346e-11,6.416680210153559e-07,-0.0022465165815255413,8.424585296602906,-3238.506073495593,988429.0423306541
PbS,-6.197033225742002e-13,7.281826723493127e-12,7.531503695055891e-07,0.0014866521161969175,1.8465250737567362,1239.300366961087,-203014.95493799174
PbS,-1.0135448328221129e-14,1.413639276949207e-10,-5.801653151384884e-07,0.0010357158503612283,3.810181908969712,83.37255174709539,29858.000325366138
BiS,-6.195972923414481e-13,8.182006105679185e-12,7.549538391809723e-07,0.0014892878333126974,1.8495289467185034,1241.7115644476257,-201937.09913561773
BiS,3.2439176132224066e-15,-9.341630149015642e-11,8.902232586093828e-07,-0.0033227859492793886,10.523197847983544,-5070.704258784829,1592371.2836366103
LiCl,-6.454199225232652e-13,1.8838543888287054e-11,7.930897489381031e-07,0.0015272245204682644,1.8436744990049718,1184.036981386179,-206688.3740128714
LiCl,1.5186016649512065e-15,-4.9769484884956043e-11,4.67366233596088e-07,-0.0017038264511495178,7.843948696024618,-3013.153571069235,968671.9729677134
BeCl,-6.93699688472564e-13,2.3812328444858796e-11,8.362480793894879e-07,0.0015654864077452896,1.813611739286925,1087.3501668820402,-193515.39904118422
BeCl,-2.535831192540325e-15,4.7470361629052936e-11,-3.0665596410733055e-07,0.0010501772930863974,2.7986513793300762,1435.1982483669647,-583011.8528777407
BCl,-6.940381899898528e-13,2.279845884178229e-11,8.349829194795538e-07,0.0015649208522030222,1.814920428740333,1089.9577223053057,-193901.13272689556
BCl,-6.903085525082219e-15,1.0697928125510671e-10,-5.330383291365296e-07,0.0012686435210886905,3.131795521286111,699.4502060892253,-227286.0562042212
NaCl,-6.245288899161088e-13,1.3364765581782768e-11,7.692644125758745e-07,0.001507666807889257,1.8622272852150603,1242.4971042456034,-198839.1683727744
NaCl,3.891123672501547e-15,-8.565324995378685e-11,6.434050307158904e-07,-0.0020435462204248744,8.11202356371779,-3000.3168569570757,941848.92644828
MgCl,-6.234399465159918e-13,1.1398573541654313e-11,7.637247333425936e-07,0.0014986085739631934,1.8510512132319756,1232.5248595168937,-204313.20786971896
MgCl,5.992222927074313e-16,-2.6409949134104772e-11,2.951748952118832e-07,-0.0011288593278142313,6.778042870983371,-2050.0439878206357,661051.0754915933
AlCl,-6.221177297533191e-13,1.1377720088235103e-11,7.62365834016487e-07,0.0014963401639998058,1.848851230164992,1231.222635516312,-205641.66588875226
AlCl,-5.75840046430147e-15,1.042487721598931e-10,-6.647858148325501e-07,0.002170001633452333,0.9754230684031192,2960.849126145254,-1017580.1967200045
SiCl,-6.360131102093279e-13,8.958171295631746e-12,7.692137077349422e-07,0.00150521043926086,1.8488301929152184,1222.959228427848,-192275.1490560212
SiCl,-1.5438229407916627e-15,2.947562671396912e-11,-1.8378787358584414e-07,0.0006308744629369305,3.5534914170959757,779.5813567272461,-281207.686578335
PCl,-6.291710261909295e-13,1.0270580357803962e-11,7.645072346776938e-07,0.0014951575111441613,1.8356758759536405,1208.9098754354004,-207404.04441170764
PCl,4.613230167643434e-15,-9.871624460592321e-11,7.658099417026565e-07,-0.0026014261779323056,8.999079501358851,-3732.669069230992,1141254.8255061079
KCl,-6.234574101981262e-13,1.290710172510267e-11,7.674984194348239e-07,0.0015056082015284626,1.8620570530863616,1246.4592785344132,-193026.93940999615
KCl,2.6805022434973643e-16,3.7084170837293386e-11,-6.777632090701257e-07,0.003936147730270828,-4.454990355605334,9238.181938120579,-3500882.620076491
CaCl,-6.195058868241068e-13,7.751449072485508e-12,7.542983800840547e-07,0.0014891475074886409,1.851037304754772,1245.1799863864812,-199313.71637933032
CaCl,3.554034833671551e-15,-1.0381276619439121e-10,1.0281578460068268e-06,-0.0040975479102690684,12.451528353538736,-7190.975397090423,2437690.863757586
ScCl,-6.242482603205744e-13,9.638911994956887e-12,7.613314462401688e-07,0.0014964822584202053,1.850628853807331,1234.2780685743369,-203477.75444149843
ScCl,4.078549268436999e-16,-6.282442555019e-11,8.468281218800107e-07,-0.0035695487747703517,11.428554716819571,-6103.863095423933,1985079.1263929757
MnCl,-6.112496325349936e-13,1.714961043071595e-12,7.355904899190563e-07,0.0014653443908430538,1.8364180835437853,1248.2963719649722,-200805.83484240918
MnCl,-8.669552223752983e-16,1.8794347082162357e-11,-1.3700864277284708e-07,0.0004723651796833377,3.661031484393083,736.9294634411627,-275936.0466679897
FeCl,-7.690741140354518e-13,6.674915339894828e-11,9.87447097045714e-07,0.0017681498958934743,1.955156145162386,1089.4009283903004,-176631.9299614383
FeCl,1.8417489552099006e-17,-9.55177000277921e-12,1.630384600460702e-07,-0.0010263339473964175,7.171118977384088,-1499.4452063926615,122352.24476604688
CuCl,-6.23050006547089e-13,9.634950537122809e-12,7.605684543391723e-07,0.0014961481665867412,1.852489139194929,1238.4598898274048,-201784.32175114696
CuCl,-1.0299522802873894e-14,1.3833270918658207e-10,-5.258191837146602e-07,0.0008101123293917609,4.344487507803042,-464.57878815626054,240231.22047951646
ZnCl,-6.158695243369002e-13,5.774827771093423e-12,7.472360213285286e-07,0.0014797601912337809,1.8446438529278102,1245.1119231885314,-200974.4578217952
ZnCl,3.3405010915639925e-16,-1.1731065811521082e-11,1.3305856698656637e-07,-0.0005172275136813217,5.5623981288829185,-966.2894063811651,305140.0741864302
GaCl,-6.19263136569598e-13,9.486151670387686e-12,7.574073893288251e-07,0.0014929049635136876,1.8539128515211902,1245.8099071995216,-199404.47470321282
GaCl,-2.423304277015528e-15,4.724131520237692e-11,-3.030516969461051e-07,0.0010747979655907393,2.69815383839725,1619.7192197940085,-593583.685800427
GeCl,-6.694630248511957e-13,-5.933552953549373e-11,7.107118334450226e-07,0.0015427941451163346,2.0681788275652697,1509.951032446023,-284381.8115650118
GeCl,-2.4508401895128616e-15,4.498467765712966e-11,-3.116172081759708e-07,0.0011506325687041937,2.234135255639538,2480.743088100071,-777972.0691144463
AsCl,-6.171002793068701e-13,6.8022540550075074e-12,7.497692911426536e-07,0.0014816944705411362,1.8427249543143103,1238.703240266924,-203844.77081853405
AsCl,1.200930581127385e-15,-3.302853056282926e-11,2.965293241443171e-07,-0.001095276974762869,6.602763495454806,-1887.2635920940043,613824.507434036
SeCl,-6.257080934334238e-13,6.948047538785592e-12,7.547873661797946e-07,0.0014819980457995321,1.8253693587250783,1206.7894140184544,-208110.2286655145
SeCl,-1.5171501351402415e-19,2.953199774741578e-13,-4.208673621622466e-09,2.1761743064384912e-05,4.450417598227317,47.254096675348656,-73446.02244518325
BrCl,-6.318192171835383e-13,7.721083294196377e-12,7.643149349886807e-07,0.0015012647145283256,1.851813884611824,1229.9718083727942,-202202.08707181606
BrCl,8.132342399426503e-14,-1.7100643014874708e-09,1.3412143015106874e-05,-0.0489190779738583,94.31132488475306,-79922.86273858587,27268278.811616577
RbCl,-6.299696550498966e-13,1.607595214681014e-11,7.790627535248303e-07,0.0015201997020666293,1.870132010111843,1243.7959216200675,-188913.78965809965
RbCl,-3.0792552905886984e-15,9.619081459066354e-11,-1.0942137944618622e-06,0.005450030834328651,-7.08087721597649,11465.850449716649,-4223518.938144799
SrCl,-6.173464537659896e-13,4.465246747931705e-12,7.464200454021068e-07,0.00148008154183242,1.847110770141757,1250.3790543046916,-195052.64360662256
SrCl,4.917032900380385e-15,-1.296216214714503e-10,1.2158895869016613e-06,-0.004729181713601627,13.39586100977219,-7866.628560743969,2624821.8272990496
YCl,-6.201509747833251e-13,8.811110899072864e-12,7.567926333617786e-07,0.001492016183439435,1.8523456790730888,1243.814105925109,-200128.6496246091
YCl,-3.606611874101809e-15,3.617418086075062e-11,-1.7559190204337305e-08,-0.00036769824157792315,5.707085247048208,-1223.3994037322934,402504.1077702701
AgCl,-6.204734079133442e-13,9.418785315799387e-12,7.583763675328892e-07,0.0014943861134834007,1.854999007096079,1246.2747857129634,-197696.09725305357
AgCl,2.246368816489233e-15,-5.492949344211028e-11,4.7428369578252683e-07,-0.001685042547813818,7.692121637681373,-2806.06704322643,922672.9361766907
CdCl,-6.155279574305973e-13,4.521116237227796e-12,7.44847320249514e-07,0.0014776505370659055,1.8452417295094472,1249.672906244358,-197103.86755350366
CdCl,-4.006080804271138e-16,1.2737831440970055e-12,3.851140083069373e-08,-0.00020385618309837244,5.030484409646983,-534.5045694054726,177793.5512848503
InCl,-6.210484405728375e-13,9.34623165833484e-12,7.588279081903021e-07,0.0014952697853568126,1.8561161961505939,1247.5856298357855,-195922.74487583994
InCl,-2.83586874693442e-15,5.407230628382386e-11,-3.374759451981185e-07,0.001188020528885409,2.482869457899409,1845.2068280212072,-679682.7414016089
SnCl,-7.419972507229189e-13,8.402496802209164e-11,9.891107160185544e-07,0.0017478088157835722,1.913673917736662,1054.5328799323615,-155864.85108977422
SnCl,-2.5599143137370962e-15,2.950790284850725e-11,-5.757190345323708e-08,-0.00019984616145248552,5.3850895718643725,352.9844532751435,-616314.7530880116
SbCl,-4.978283197684804e-13,-5.1543897832633224e-11,5.786851960618723e-07,0.0013658411840595285,2.011591281309784,1637.962768020286,-300247.57586850604
SbCl,-3.933202180321576e-16,7.814418642421394e-12,-5.834424835564547e-08,0.00029877498443868066,3.7174142537888395,1072.5717619204677,-293377.21423487645
ICl,-6.489251865984351e-13,2.796208864569286e-12,7.705737823060822e-07,0.00151314890639562,1.8588910799662899,1227.1437985968853,-196656.17152999763
ICl,2.148947323416806e-13,-3.973185819872397e-09,2.7471713929431112e-05,-0.08924616700758067,151.61264972810307,-118686.77887842615,37133845.73400213
CsCl,-6.287448810580154e-13,1.4681451142705457e-11,7.754262798341646e-07,0.001515868706874328,1.8679440125489786,1245.3609780655013,-188308.53040542008
CsCl,5.5871899889988235e-15,-7.390054123614284e-11,1.6723933914019729e-07,0.0010584901199749,0.4874252526441307,5155.6956986202995,-2198309.0421301145
BaCl,-6.240559676200741e-13,3.423868802180228e-12,7.503443172369164e-07,0.00148595719588375,1.8496378465579695,1247.5752761935937,-192696.22654895228
BaCl,2.027781599505852e-14,-3.901039307619651e-10,2.6992050371386503e-06,-0.007892719509032945,15.51653940389665,-7013.669702985444,1580657.1962550324
YbCl,-6.187825008872227e-13,6.546153829423006e-12,7.515320935210247e-07,0.0014862133420349428,1.8506269328552816,1249.4149343342208,-194258.28932659334
YbCl,3.0689064280893034e-15,-7.477315944653037e-11,6.483692005246665e-07,-0.0022575647072389845,8.438781428484502,-3203.954580401964,977365.5780112369
AuCl,-6.162608532920743e-13,4.9477190139932235e-12,7.460482155105146e-07,0.0014785103625702032,1.843919611029152,1245.4106135066922,-200352.8401522914
AuCl,-3.941570220045408e-15,5.299642772410271e-11,-1.9710182364096323e-07,0.00024346297791023785,4.694793298481057,-517.3126015857773,229326.11951752653
HgCl,-6.169998748787395e-13,9.957179241248741e-12,7.563191997728572e-07,0.0014913491492866736,1.8541456094563304,1249.8423325927379,-194441.51772485045
HgCl,-5.874571210804771e-15,1.4910503114669097e-10,-1.398123603799325e-06,0.005979157696243115,-7.317613446832215,11047.610023395786,-3904089.0511968606
TlCl,-6.229770205798326e-13,9.172999790880127e-12,7.601911324677251e-07,0.0014972709505310909,1.8572870693283035,1247.7516342999654,-193346.37968977512
TlCl,2.0393192813236056e-15,-5.133112163736121e-11,4.452092695619328e-07,-0.0015470102329718867,7.384509103525367,-2476.1349160312657,798068.9644202543
PbCl,-6.21141103456991e-13,3.3661240173017153e-12,7.476132623279709e-07,0.0014820133362093329,1.8471533689304298,1247.7886405948736,-194521.58987241302
PbCl,3.473226428758362e-16,2.8680742667852216e-12,-1.6060360373942656e-07,0.001402047225443784,0.874017429055653,3895.393545730346,-1501797.9546494777
AlSe,-6.175469684893829e-13,7.0586803965947626e-12,7.503597358547494e-07,0.001481729114149456,1.8409775344547248,1235.3188855248409,-205069.89066414227
AlSe,-1.0737936026935557e-15,1.0333259811913753e-11,2.3269585829415935e-09,-0.00015046392527020931,5.029356655261211,-590.0090740194934,192357.01046317132
SiSe,-6.288256821148858e-13,1.0379722181117737e-11,7.643941123368689e-07,0.001494915724550017,1.8354765255568606,1208.8080702191614,-207736.81475460355
SiSe,-7.33892276747908e-15,1.433886040088686e-10,-9.778429007464052e-07,0.0032501357678241132,-1.0007020140221257,4678.970987038768,-1609199.8633610723
GeSe,-6.178112273958725e-13,7.418793651862968e-12,7.519298123646547e-07,0.0014853519793134975,1.847220616168768,1242.5318870143128,-202027.384366656
GeSe,-2.5211022142709867e-15,4.6060157039917934e-11,-2.935446692319344e-07,0.0009904608498289373,2.87744912922889,1400.114384271466,-503404.27217242395
KBr,-6.300976063194566e-13,1.6308152534691127e-11,7.79607042046073e-07,0.001520869552625554,1.870635616124641,1244.1331566730014,-188043.77960378575
KBr,-1.8686742019710736e-15,7.06419397008246e-11,-8.884243429538014e-07,0.004644899038098512,-5.483774642371172,9944.888632082542,-3672949.8162741126
SiTe,-6.159984122428238e-13,5.781960817323579e-12,7.464448570344432e-07,0.0014764373597564882,1.8369000362757508,1234.4341627419928,-205913.9315565015
SiTe,-1.1851022857282323e-15,2.935276842407418e-11,-2.2836155446068575e-07,0.0008465404153869517,2.9696350661623154,1378.5297994240784,-516425.35982433433
GeTe,-6.169189543530875e-13,6.1972438141909964e-12,7.492943691018481e-07,0.0014833262309993265,1.8491317821563291,1249.7191229887644,-196698.20070000796
GeTe,-4.036508589032515e-15,7.904124684157127e-11,-5.468887267096404e-07,0.0019046925319563773,1.1913895818049682,2922.9588085288465,-1023105.3398256951
KI,-6.302057507816374e-13,1.553552503298753e-11,7.782613742204934e-07,0.0015193704111611966,1.8698602609706496,1244.9271207688112,-186594.73594073724
KI,3.139873374994608e-15,-2.8742339290732154e-11,-1.3993673157874388e-07,0.002000287251248411,-0.8729069042424111,6073.513010450379,-2424199.9545301157
