name,3.00000e+02,5.00000e+02,7.00000e+02,1.00000e+03,1.50000e+03,2.00000e+03,3.00000e+03,4.00000e+03,5.00000e+03,6.00000e+03,variance
H2,28.98114738705699,29.323757766802864,29.424150945830295,30.27301249991649,32.49843753981346,34.65654877961498,38.210752147215516,40.64715333593597,41.36273854771462,40.704315606191784,0.007145286489975548
Li2,36.18176610837686,37.54995717661896,38.27948738210851,39.17658616915544,41.72150273821232,45.84215918509639,45.260928150748555,41.05366880209756,39.83241496620795,40.19425712566435,0.2412025631604488
B2,30.701383539175964,33.506233674901445,35.109406270707964,36.39112575173307,37.32359074537841,37.8274831753329,38.646053681655175,39.67078417906107,40.86246812856612,41.8549584896394,0.007287696260185562
C2,43.475866963623474,37.11379150795333,35.42985368706313,35.855212484550634,37.26930893531219,38.73944539568033,40.93039602114726,42.10857965040711,42.751426927280846,43.29705673056522,0.02200842618905658
N2,29.09560778030557,29.550806234822012,30.799167995996964,32.80522016016431,34.9160927141906,35.9951150202107,37.04905811422574,37.55043024401799,37.90884877960467,38.247102529334384,0.0030420448889420066
O2,29.37301587194481,31.135673534836847,33.071586156149294,34.9355272626656,36.574839769872966,37.746940650052565,39.98971433429417,41.694794792257774,42.92018732879418,44.22416771080321,0.005166879049922492
F2,31.478330831199607,34.384680828033886,35.84747557662535,37.038203030653875,38.19300523144969,39.331576964758625,43.24742628101708,45.26988724918546,44.201612723222496,42.0728700686727,0.030286654040250334
Na2,37.56889880577981,38.29787035008013,38.99176883197629,40.65596200227661,44.2503448419715,46.41929025986792,42.64899590819523,40.16862507291967,41.672910790387355,43.75849794668816,0.14196322885675347
Mg2,33.71949709271639,29.15565934279337,27.495453351151262,26.825522959035915,27.34520488182973,28.087998710708174,28.860364328641182,29.163008889928296,29.580972031386654,30.34920640994429,0.007941181338800046
Al2,35.99234172557992,37.18250348130669,37.69705050312251,38.15659535791339,39.59684405627468,42.70769606250488,47.58134715295498,46.33708568149734,43.00477884394615,40.23897547744164,0.0688465661766713
Si2,34.48032437243878,36.3338566164926,36.98246711811218,37.48231231385108,37.93038161713415,38.26698098131821,39.00431360526667,40.33098981685269,42.85081950129343,46.167900375623915,0.01099979374418333
P2,32.22353747101582,34.898688766550535,36.01801751211064,36.8506419934274,37.42148556501793,37.69665234818245,38.418674650824926,40.9237096745121,46.36812040527364,54.101051623701935,0.029414469545020912
S2,32.64038110116455,35.21010589245789,36.22959708622706,36.993328651986815,37.52258221681184,37.82478340819195,38.30221866331594,38.81884863578867,39.61337938122365,40.91198980508169,0.010044462624445341
Cl2,34.05693202915936,36.1142791235662,36.87076348923657,37.38249859890399,38.08425457608766,37.84369058466935,44.59475316177695,64.07414074847162,73.00937954901214,65.95858817255835,1.4109828327540954
K2,37.9019754958285,38.623335371361215,39.55110545779061,41.07765583085468,44.20200546925554,45.58695017270848,39.43028452580283,36.17096615115213,37.31952427404668,39.33818232361722,0.19038671630176204
Cu2,36.63186988217682,37.42564939724448,37.785301381238156,38.163263385520494,38.82829629214342,39.53242664267806,41.736865365961336,44.43132754642539,46.696460246197326,47.96873372746019,0.007038369668880253
As2,35.145484022853,36.591354801133406,37.063802770491364,37.39519160767487,37.70564610037009,37.83947186670447,39.34226991116651,43.368760332694876,48.858238786030626,53.809856638522845,0.02590428949553131
Se2,39.30222949640083,39.59900312947774,38.97910436088897,38.53238813167439,38.32429040680712,38.37187898932696,38.76670031094112,39.52458808113301,40.87083148050182,42.75401312270593,0.007546823987777729
Sb2,36.44838295073753,37.159493325682064,37.407425060252066,37.60034619952831,37.837402796029636,38.00135913476924,38.84909802256419,40.91623392048026,43.82370992372944,46.63214964979133,0.008267620701470461
Te2,36.607513744106775,38.083136777175696,39.77903125559136,41.3281611868984,41.51497167768237,41.01635882145497,40.68704733792855,41.518902914656536,43.07674077332188,44.349537848542,0.012455764054792673
I2,36.898434536424574,37.430782415247435,37.741727481311756,37.81324795776057,39.202997369184544,42.24082897771606,59.99411488015227,64.40892583665133,56.182039002272944,48.37248566302441,0.9990588612061889
Cs2,38.14866556212097,39.06928397694408,40.67681555614453,45.34942451190575,47.745429012072776,42.884543732919965,33.798527917256095,30.95940734943015,31.109172228033128,31.606581346649307,0.2260403284096914
H2+,29.091959209003186,29.718976673401325,31.217803407454852,33.457369119280955,35.901808879780575,37.39113149285457,39.41994387280384,40.39635269522928,40.333649966608256,39.57022091361256,0.0035802328643851004
He2+,29.363056478097356,31.040289307636307,33.082313471827,35.233297045601354,37.29569119678652,38.56071122537647,41.55711230757765,44.419383198937595,44.54272697214549,42.31307337796845,0.01992053665529454
C2+,29.694390195798505,31.916765077607636,33.776308483292965,35.37106738739316,36.49879829948723,36.976510319202355,37.41827441495248,37.65170363403272,37.844647048129836,38.03495497041205,0.004764867355548591
N2+,29.10408609100746,29.725764799881727,31.160897511474175,33.19733182190184,35.45173009549428,37.39552440366408,42.05287642468753,45.28310226148283,46.54141978899294,46.92357426535154,0.011647334656024034
O2+,30.45532528628567,30.701068758561185,32.3090679605464,34.19305938689584,35.930919130842014,36.769588708549826,37.65730795453571,38.23610464490285,39.05638240834553,40.75815391638225,0.009147775913686308
Ne2+,34.36055327098864,36.1318947537561,36.691146447248,37.057157557907374,37.2517346186225,37.32314497343977,37.373346497765745,37.392864380969684,37.39932902789501,37.400046647597335,0.006699621402593576
P2+,35.177655046788985,36.572658159279754,37.43220691483509,38.18876808014717,38.637008351605274,38.74437738049656,39.02754266494668,40.075682109065184,42.333168949742294,45.56475174037437,0.00883905279449194
S2+,35.679393924061415,37.15298126945755,37.34666838166027,37.426038047842326,37.43241512986014,37.415260180011494,37.57034737679771,38.45391536306462,40.15170687187343,42.224507643760916,0.009822278686687341
H2-,29.41939244042452,29.20943687846129,29.460366803443108,30.26167273434079,32.503431523896516,34.65572142135272,38.225298772427664,40.65796616145306,41.342171110946836,40.64577524845987,0.005879272577640153
C2-,29.21204906319912,30.523327128628896,32.36009877317393,34.349541967716,36.02831804924355,36.79283536211271,37.90765255117753,40.514090971516076,44.99152882796772,49.363479975443624,0.01901465941531031
LiH,29.779324124406337,32.14018814408196,34.23003887307837,36.20658740180936,38.13112068542398,39.75643286794832,42.92131008843356,43.17804593301352,42.70226849997183,44.75283180255984,0.05711016914335917
BeH,29.188076330982135,30.137078332935534,31.867668457289607,34.10036425628799,36.36281311668901,37.647576488879736,40.069143666694416,43.77756809054728,47.70594462834317,50.24468493499859,0.012536222368444948
BH,29.151799579810373,29.718339967472318,31.122998590692077,33.3194675652358,35.773138509857894,37.21346656814683,39.52170073961083,42.24946074328788,44.693325275003815,45.77669830907684,0.006112835348344623
CH,29.11862790351976,29.353989470943503,30.23605866888469,32.2189487949143,35.455361724767585,38.11004951270991,41.333831606511865,43.16201386962193,44.89967278059077,46.260448672351544,0.007048880915561197
NH,29.140008507927952,29.242593320184984,29.776987862628097,31.350749087813828,33.891194894840964,35.650646671848946,38.315272357306824,40.9540610981161,43.90821090945184,46.70965547276394,0.002282684592421052
OH,29.10295772217088,29.17073356104787,29.469888365301536,30.650730885171477,33.00805892831243,34.82383941103126,37.100296038052306,38.626342587301956,40.19288736018478,41.890247776895166,0.003116370316682889
HF,29.135921008497107,29.167989446874977,29.32509094008953,30.198261334556733,32.32929557244865,34.17712027005283,36.523007868491106,37.96575786334175,39.247403344952,40.574312957332936,0.003510290983419493
NaH,30.40738314386894,33.24050862145792,35.16284684522331,36.870269783690155,38.564993553781605,40.001762786573096,43.415807463819334,44.68862580885112,44.34055334224635,44.5042432146175,0.024904667589545543
MgH,29.605357337330886,31.76720843238696,33.85971078101136,35.878468704708524,37.8646034509393,39.3186156831959,43.617925459527925,47.01063736522797,47.617361387132945,47.18977123640383,0.025767734586184473
AlH,29.35617304768726,31.029654028986208,33.04697714735291,35.147439841184266,37.063384302005645,38.16530466603133,40.21876439237685,42.50626804568779,43.63212295536637,42.921625316535106,0.008735697958171173
SiH,29.168373448496567,30.13081604106479,31.858993993794105,34.056986183453105,36.21507379053999,37.418510283837925,39.162292371933304,41.131693589884755,43.58720184455814,45.66737574375542,0.006010092522463299
PH,29.129893040209836,29.672696926844026,31.043523461957633,33.188817177545964,35.73535355299812,37.63650943552227,40.76335765560118,43.17749936502567,45.32785809464506,47.09713564543037,0.0028515031450600135
HS,29.116314762194442,29.406077413448394,30.41150249222718,32.38940726659345,34.861117821721784,36.345784842929056,38.24607982469367,39.940484597353844,42.09064405430797,44.37673749826449,0.003734859160810711
HCl,29.12624305185939,29.277786209574636,29.986334920211497,31.730929278934887,34.195313017815096,35.73836031258974,37.55467988948375,38.76135649791091,39.986798140969306,41.34623469775492,0.002922362720937596
KH,31.21282144925987,34.21742545562563,35.88398459194723,37.33573181029032,38.882575734950024,40.36753594473555,44.15916728812894,44.420661475515786,41.102397481236,37.542248208292385,0.048999741511500466
CaH,29.89483518552581,32.3822575092296,34.29661083547329,35.96091168073889,37.34412966093007,38.09099026250025,40.52982620844219,44.95690057784648,49.601224447558934,52.632453588576055,0.023980049046308342
TiH,33.22289317693448,37.05702497396965,40.39396676006606,42.71553286788806,44.472283738569516,45.365602879638246,47.75587889361692,48.65724719534499,47.05304942642273,44.5075014120919,0.026375178993309673
CrH,29.386069282602165,31.131761503799762,33.17388953680752,35.25808143094798,37.26337518066233,38.468591190422494,43.4036635201254,50.463363353166244,54.273407498500475,53.800666125789135,0.07610400099744662
MnH,29.511434635919393,31.513025478978953,33.5792415461545,35.60311609039993,37.479089844592295,38.611600257680045,41.52695973963654,45.151388290417295,46.88801402416222,46.288500317206015,0.019129564577063395
FeH,36.332764973150844,38.89124736362976,41.25782898305029,43.9104479849886,45.57819966031069,45.500666990352784,45.079645690982716,45.30991819456477,45.323345826703445,44.62539964147848,0.011664398285508814
CoH,29.442987524271608,31.275416566723834,33.19745152345527,35.01240030155666,36.4174121193914,37.07158330965294,37.80605930570589,38.420124432438485,39.09343063288061,39.70599144377067,0.004324912778370565
NiH,31.322515930625578,34.094363699732284,35.56944121835903,36.790269008576146,37.73538977379754,38.27232373090228,39.64471950272689,41.84623470452128,43.71596647898005,44.1438807014784,0.01357816414700187
CuH,29.21267916981696,30.36849298501836,32.22070457159268,34.43811190470782,36.60481255624705,37.85623622874851,40.09670233382074,43.362772196041064,47.91197119959667,52.757151785204094,0.009475520046095963
ZnH,29.509900613264712,31.53779421792344,33.700023880949004,35.93882831050557,38.360636094119705,40.496979640626854,43.83306695524449,43.52367403891898,40.90779712852311,38.799868473368434,0.035736957193142335
GaH,29.436801539540323,31.29739570483131,33.35126236214866,35.40211321010581,37.293597581528836,38.33674691946552,41.18086333700561,46.59717381508155,51.676939757094075,53.32269566639289,0.05370268824850492
GeH,29.2490311319784,30.610655938282235,32.54450253676009,34.712159630907,36.77244523870723,37.944173759755515,40.31843675706075,43.64653939884394,46.48801464702085,47.24166403371659,0.015772287184433804
AsH,29.14084478553716,29.837377804646025,31.320875431418653,33.37271366211546,35.34569917070656,36.31928991529141,37.29679160618791,37.85722807402773,38.381116776415126,38.94318792197616,0.0034505763631786745
SeH,29.15206684371347,30.68810951435365,33.35292143521445,36.22224563420747,37.820180778918676,38.0101749730566,37.87304579567892,37.71566522252276,37.63895690941761,37.614390770151054,0.011553046008206419
HBr,29.119654153042063,29.422844097775233,30.45460511308827,32.439973257212266,34.85080264462634,36.25723544692176,37.94680302867556,39.21123031813765,40.63885669189516,42.21952087837065,0.003218586740276137
RbH,31.483216191116014,34.49835270591784,36.098603612336674,37.50501798589016,39.025610671793515,40.59470173337906,43.90093725066136,43.23712457893866,39.684115872476546,36.31286887504092,0.04484341081208831
SrH,30.23259616701872,32.946426482496875,34.84706305590481,36.49329087289704,37.995024216077866,38.94186972428449,42.001538234288134,46.18303634866196,48.55161916576411,48.668851021542004,0.025086965345139607
AgH,29.300725550460744,30.821640470915412,32.81358168580833,34.97015140608224,37.00723241057786,38.20635667874204,40.639425780746976,43.43854740302427,44.93643961238905,44.60138962701942,0.00979650803019346
CdH,29.77429249466244,32.065330901407435,33.9582599042558,35.60647273830406,36.85523178355912,37.47317383152338,38.45802912524924,39.80170377467894,41.596692827661315,43.55412834343191,0.006140420487771897
InH,29.607932020936246,31.77214715528136,33.83330941250803,35.784997742410546,37.612292857081094,38.61315731659824,42.62401918341,52.279042901762125,61.612892681422835,63.43464970572231,0.2644245501229227
SnH,29.503620027053593,31.45519915208711,33.37326501622761,35.13325907029518,36.46912688378114,37.08267026478619,37.75407887911385,38.28179012710697,38.879895697743606,39.474734638321735,0.004547565394132524
SbH,32.86902551093029,34.84183639535607,35.759804408180365,36.573863546254344,37.197255086452756,37.52035969630536,37.960920286336375,38.49355165525074,39.43209577641845,40.77796443865054,0.006900902813632644
TeH,29.45076751387478,31.377755101843817,33.40809463242354,35.95675870861019,38.92536521041289,40.35838140543771,40.52451323949095,39.78718723382683,39.19969775553499,38.76499119780206,0.007740586328839371
HI,29.12416386659513,29.711834892172607,31.125751808394238,33.268183091339544,35.54262538507144,36.81016823173353,38.43561033170333,39.92978661575167,41.74045561900563,43.54473750193699,0.003730264705944806
CsH,31.647352872019482,34.55943776718373,35.980959657916515,37.16696895794061,38.20234348194453,39.11424302288748,40.38145930260793,47.78559015671203,73.19856454785449,95.35832569357257,2.0187410804036703
BaH,30.344963224975906,33.09692098601445,34.961912765541,36.465249795895474,38.31211415733612,40.55995954112748,52.72871805078037,63.837870140019064,64.70445129121418,59.172806458379696,0.31277416460716245
YbH,30.121643275613767,32.782795680118085,34.742029104640054,36.46979939082974,38.12548170943153,39.22926962887544,43.15438252903783,47.37910267652856,48.256210404278505,46.694259575039425,0.03907827253365842
PtH,29.111323168248433,29.738547246728565,31.196600082915527,33.35647983295756,35.6531096933323,36.946916791099085,38.73048900026315,41.115777808994025,45.069100910804664,49.42626193239899,0.011643003722472258
AuH,29.12727582048385,29.73241586828759,31.170097927232405,33.33235115350523,35.65148063156792,36.96088706985965,38.870212822102246,41.197382656911685,44.12141012404658,46.83505136092731,0.00481494557474134
HgH,30.135972342428914,32.712587330617005,34.51883197177801,36.02419260725921,37.18075667893571,37.82156011568158,39.09886589713916,40.07076389481046,40.117353839309146,39.59428655714869,0.006093233842207031
TlH,29.776636738378926,32.14920281287162,34.204788050120996,36.09746751246817,37.8648853316642,38.86277712773696,42.66515813121181,54.24822969789744,68.70646695892829,73.47935767197556,0.6079582965226477
PbH,29.481510914379655,31.446044050570563,33.50688908257028,35.53659168248127,37.41208049525435,38.537344995725974,41.37637930379573,45.13373692775497,47.15895047243027,46.431824898053286,0.022868661926274
BiH,29.394210545621917,31.183088868860175,33.24061702068452,35.576106757702746,38.71931462719655,41.12840295403205,44.273910985710515,46.47071062471379,47.280841387414334,46.27037493821981,0.006335319095243458
HeH+,29.19548540504752,29.39558396699237,30.17996513145358,32.1357996527383,35.31575516510088,38.07530634654037,43.13823038414873,43.67576242627675,40.45637552698803,36.94827393299289,0.05415644106526798
BeH+,29.157230995273075,29.870201911419834,31.414154921153298,33.61719552017828,35.94322384011973,37.272776856647326,39.39997725736963,42.143487379673275,44.79414920131293,45.74110300839604,0.011370347783941144
CH+,29.086264253049773,29.333053211924973,30.300992868630303,32.20562692973604,35.09825515674124,38.53560754081454,47.3003784918285,51.78209030721669,51.74916822479743,50.19882083305566,0.056467197744902546
NH+,31.46077511031789,30.363809961987755,30.831552479239452,32.38920658669994,34.64412735688328,35.97604414436064,37.50119237122966,38.82950942294957,40.618958293981734,42.42973962152364,0.004608679927882367
OH+,29.142652036964236,29.28759866719627,29.95903848729836,31.698206586655058,34.3007730204712,36.025444838527946,38.461682009201276,40.99622033810486,43.98355951873785,46.475770472671705,0.004347358262581884
HF+,29.16934923923071,29.330541993524456,29.88394949178154,31.216798250081787,33.24185879261476,34.70311256298544,36.96706683965266,38.79820933387151,40.29335746785187,41.41053069199306,0.0009537674084784842
NeH+,29.148438747025125,29.416003720841545,30.378486195641617,32.43132703477176,35.281495474273385,37.25853504474534,40.58830131638286,43.00716662967848,43.32319336344362,41.709730452231625,0.007255774519574293
MgH+,29.285010217180208,30.889257178403042,32.860220835948695,34.904555600585795,36.72727655672381,37.7367225302737,39.75997817556406,41.76215663035441,42.52380664949176,42.11776885129207,0.006407656865046538
AlH+,29.38219262547424,31.12428777640794,33.19291310548743,35.31807204366582,37.29329094218179,38.56985980979412,40.75967788268282,41.296560462841484,40.02029264266187,38.54273699376279,0.013396047297065963
SiH+,29.148902838473123,29.921432368411505,31.509413708125813,33.68758926148327,35.88687969928014,37.093977221919396,38.7078237143221,40.53637690657865,43.0401907342441,45.273052122527126,0.006732284838045848
PH+,29.121485443575025,29.627973448123406,30.92121196362565,32.937097665980815,35.024330477076546,36.08629585717657,37.14821441204923,37.80701259660023,38.704760328597615,40.03763456224695,0.0045459103273492755
SH+,29.12713354788055,29.629870646444033,30.92060546083033,32.93788473727785,35.02361567747891,36.08334023219016,37.140434133214754,37.7003844067998,38.180634713143384,38.68453871752348,0.0031541516955725145
HCl+,29.116325867803326,29.423368722676948,30.45892596174589,32.45880933945499,34.928864374676614,36.401152808825955,38.28092320615923,39.91276662026543,41.90238295694961,43.98043297062357,0.0034512041777980847
ZnH+,29.226423404867067,30.44250678085365,32.32795597919167,34.55243013925053,36.74873223438602,38.02887029463565,40.75130869783333,44.01544760737929,45.50525814675005,44.39540562023764,0.017287842629990603
HBr+,29.11743252294692,29.59075701198657,30.874890379332307,32.987764633987446,35.36049123914659,36.71886353759758,38.49220378837411,40.152787738423044,42.23970821332367,44.3822444281571,0.0039650572265568975
CdH+,29.29085836944722,30.789144941102883,32.77619916562786,34.93658419564096,37.002948754221066,38.23431836329273,41.11909390045819,44.058058019451074,45.17578415903702,44.34694666627564,0.012087599150852177
HgH+,29.174105046852333,30.176823700117865,31.93574232170618,34.1508572279558,36.339080863600536,37.58413260013123,39.61911181378899,41.928541903697806,43.92782114735563,44.58198651707623,0.006791909529691631
CH-,29.13966924019842,29.361572231274778,30.236293739447625,32.15280136774047,34.9646200734426,37.137577156239985,40.15164203679526,42.095333053168034,43.5935496632558,44.31121691195798,0.003515781325104489
OH-,29.138427261562097,29.18760864648599,29.472448483025737,30.652829485979304,33.008657189502486,34.82493322169379,37.102794603919264,38.759194299498915,40.92293558907053,43.75522419175276,0.005062487144424346
SiH-,29.17230146216299,30.132502580473467,31.88243527904558,34.3313391264074,37.3982720575213,39.47684787755061,41.6813433477015,42.862762953694286,43.754388281516086,43.95799218417711,0.004749643608548069
HS-,29.12514132085813,29.409921048208496,30.410765032120327,32.38974410847119,34.86406050097262,36.34456902224241,38.24587455745913,39.92156136028837,41.90319120793856,43.785059045087195,0.003275480262857182
CN,29.118834331089964,29.921188350750505,31.49831754978531,33.5497286882323,35.573045270576216,36.944001618474616,39.70901956593865,41.78961924062456,42.985321432090444,43.82158960753142,0.004922442076243
CO,29.10574391003815,29.768457776926816,31.232439463563335,33.28476206808307,35.27840255583001,36.26074891183115,37.22226571127784,37.70264361395165,38.0685696677366,38.448551825521676,0.0034140388876064
CF,29.843206035827244,32.2512389390175,34.134891865628205,35.759956061332474,36.977253636475155,37.58306292280601,38.35216788622235,39.115288875820575,40.12435616706324,41.34384363485261,0.0057341942300264525
SiC,30.917695776302303,33.67900637822009,35.12055347707134,36.30185059276016,37.9757929967479,39.838999773137786,41.77582492486724,41.75940659232645,41.121378183518424,40.445536599538016,0.014518045415779229
CP,29.99254251144538,32.49573613390051,34.31331533495879,35.823743364278045,37.95021609710585,40.86964392443372,45.366627470134034,46.33861145063454,45.783038171837035,45.27097533343121,0.024389327318252583
CS,29.866937776058904,32.277178910921435,34.11848108844797,35.6727045868872,36.78592999441968,37.30125159880367,37.86794493449651,38.556396296323996,40.77977781710294,46.11891920228125,0.033677232593795584
CCl,30.117232763998825,30.990653298329462,33.0841644166469,35.23684338231455,37.09073919152796,37.88329219591587,38.637719324004166,39.14796354949834,39.659835052718094,40.10564012657764,0.0074062987622679835
CSe,30.738793154798792,33.5273897865674,35.08697284810185,36.30983726612294,37.14333790987277,37.54961199227088,38.06946383330363,38.853195165734576,40.52500967642288,43.121610218213945,0.011166451088903762
CBr,30.66900616814935,33.39866930024132,34.915125779229555,36.06727542989251,36.770978796770265,37.04363229068421,37.24751783161704,37.31934474895847,37.35681953029321,37.36757856727641,0.006773947211909357
RhC,30.6738078902834,33.44737059755374,35.03448449508648,36.257145254916566,37.239554556506434,38.169920127829656,41.69439797657323,45.33746439370425,47.78527519564136,49.30140776111166,0.014368428160640634
IrC,30.621004015639336,33.38226444852697,34.9747673163683,36.21898568738034,37.08577598339811,37.447482816438196,38.70323075361598,41.663408873682386,45.557387001095606,49.02857367867692,0.016672437666650573
PtC,30.665367105133775,33.43647146991138,35.019383306284745,36.24778775470217,37.13911451815106,37.535275126996154,40.11258934794075,45.25232666973064,50.366662594547286,53.830004759011075,0.03368797114885494
CN+,29.126533412039638,29.994770109668536,31.623130759238208,33.668928737434044,36.02090642289514,38.458735018254174,43.656895757186305,46.312884366109365,46.74650849663099,46.63042054677436,0.016189437915743295
CO+,29.103299353483514,29.715397391647798,31.133121345726735,33.18461497162413,35.21491890477308,36.22078958208434,37.31085275513678,38.6074770113268,40.82946553438887,43.65122658156429,0.006049606038022991
CN-,29.11859450494547,29.92157029049006,31.4967686269297,33.55554231611722,35.4764250799037,36.407888801092284,37.33040595254215,37.81186182993834,38.18976229186181,38.53908650115522,0.0035390641340152227
CS-,29.866824410335887,32.2775161620401,34.11798080060074,35.67248831102283,36.78606906609808,37.29952968922264,37.8678242983917,38.27118559102089,38.661274076948985,39.08317574536878,0.0051563927821384374
BN,29.458963640808683,31.393400823244036,33.347101087853204,35.18618162716077,36.63801265616561,37.350838854332295,38.21960935696653,38.968305135811654,39.93353208482041,41.218460933348226,0.005398347463921238
NO,29.672276896024606,30.388547732945426,32.105629196373776,34.080299037028965,35.84886282229027,36.69269017331362,37.56314932972522,38.076161823856594,38.57330550302205,39.27318873088957,0.0051958528380680255
NF,30.349033916109907,33.06110935336862,34.79798635560579,36.2191927408342,37.28959092319214,37.87742686200487,39.180394542485615,40.87894256671083,42.66118794851685,44.260223959181324,0.007184109763053065
AlN,32.45385096974857,35.08088101451398,36.141844089101795,36.93664719619093,37.47960093410882,37.78056557883306,38.242808730510745,38.71643498401501,39.29412579327957,40.00020140032785,0.008935591387250091
SiN,30.277703274866163,32.93970304336031,34.65859841992463,36.05114996097675,37.03091525776519,37.50485492741578,38.094486092910884,38.68844503161972,39.62001258544646,40.99763872636675,0.00749407713364291
PN,29.742830195745196,32.04004737029659,33.9135579899571,35.52431142579041,36.69281606485192,37.225212852016035,37.80171533348643,38.19605871220844,38.600744754486044,39.1264590282201,0.005167867034165183
NS,33.66274485483234,34.70714685984488,35.63695549635831,36.42272931648212,37.03499097797132,37.32284640574986,37.6490923223008,37.918026326567315,38.354268809493625,39.1916097839434,0.00388419589920175
NCl,31.959413162328,34.7476767622176,35.998610283740575,36.973472246704695,37.72331668229717,38.18669171161052,39.15210169594755,40.575134703793594,42.38000428126101,44.04875180598664,0.009891296773817015
TiN,31.844425693370304,34.56192456601874,35.736405129856514,36.59861743174813,37.118323542860196,37.34098346992449,37.56868342635052,37.718349326054444,37.855001589478164,37.993582628958364,0.008402616805344761
AsN,30.59159372603566,33.34734451537314,34.95260004986587,36.2157419227225,37.07462177680674,37.47816434711513,37.943612577432454,38.283557733361434,38.6663764407737,39.283428800794255,0.007292651122478607
SeN,33.34779415044334,37.731600919578014,38.75892241641429,38.892696402937645,38.623748559959694,38.53325564606634,38.82512223481846,40.17471932022123,42.9125728041967,46.26467351940721,0.03275754894338997
ZrN,31.0533529945005,33.820490064849515,35.211274242374785,36.24558202421004,36.85995994850314,37.097624577797546,37.270434520481864,37.33459680326341,37.36290959606966,37.378918011140186,0.007488579988650737
NO+,29.094392872416215,29.537512191012535,30.770389172640385,32.77478383332872,34.90154161921364,35.996218134488075,37.07452876449584,37.6003960902876,37.984492672482325,38.34863621010818,0.0030034908051742634
NS+,29.60137180145191,31.739303421491066,33.637028525693886,35.32152425492235,36.575270021225634,37.150963421703146,37.80177180394206,38.33354928395744,38.94653497752403,39.53960599427609,0.004744413398431421
LiO,32.06667183924836,35.03356735343164,36.76809926627533,38.47639721203363,39.66518165013088,40.071725073405716,40.91805048517361,41.822394563859255,41.98243187229775,41.31371359262491,0.008093462602212779
BeO,29.49772404420483,31.479493552285355,33.45427312012282,35.16340658478652,37.86290407975545,43.03581284907101,54.86506524871834,55.82277910934036,51.571868769917785,48.0578131621627,0.24175827037207542
BO,29.16498290946933,30.269949826137577,32.02304578652185,34.05223494825612,35.8164446512559,36.652170830226936,37.504257357267946,38.28004214910619,39.675071980355696,41.76050285191036,0.006622115367770561
FO,30.70101261309736,33.512331899301884,35.12654985041757,36.421200190723745,37.40134140786422,37.93135285896745,39.20239804119001,41.28635956792213,43.04345390372658,43.48870627996974,0.012116849260525447
NaO,34.33306355235866,36.945553133992874,38.20244766671428,38.866674380768075,38.740183207161266,38.422669563051215,38.005115949529475,37.782077580969315,37.666090396807704,37.592768796737545,0.009240753513531222
MgO,32.07393171294353,37.90870258897338,47.19397701651696,55.19845559649836,50.185286894279194,44.8405503761631,40.851378337028386,39.81336677727636,40.08399289562382,40.86449235551077,0.2082681936038559
AlO,31.04678286182756,33.887713544377746,35.41704760951876,37.05914243247793,41.077836266687214,45.2547024710931,47.39557071357745,46.1365681537775,45.33375392221217,45.288408987712785,0.08776349025164246
SiO,29.980020223899793,32.474212197624,34.27806094330202,35.77367766770652,36.83089951555657,37.31583761921648,37.84892993708341,38.30239506954979,39.59797848867795,43.4056746495796,0.027347412305618383
PO,30.012892162215923,32.52823963321755,34.33233393278854,35.8259715434964,36.89271083321846,37.392149917088915,37.97444131545129,38.43125194841861,39.03653017609567,40.07367379254257,0.006831692158422676
SO,30.27858041245066,32.94112513297813,34.66297268939079,36.07840705183614,37.57549499729008,39.05211229402237,41.305643650859494,42.291033225479055,42.646639849707036,43.15974737649775,0.008057979853309038
ClO,34.456792863668966,35.88493127991444,36.677588541924194,37.28468851930353,37.82396984088797,38.195259193339695,38.984561614613355,40.25253873496628,42.11196914865907,44.15237214028622,0.005783820115991764
KO,39.97692693602217,38.650096060745554,38.034198810885286,37.70956092136771,37.53766632113417,37.48237111213196,37.442397579679145,37.43296160121701,37.41659200095903,37.39077838137234,0.0008720656185536593
CaO,32.5949555173913,35.14686420119713,36.22604320078286,36.7913845098674,39.50567869561925,46.526677836217225,60.24977132003836,58.4721821038451,52.77354681369303,48.872911075955244,0.4774200627557155
ScO,31.084239072048543,33.90521798333382,35.35532680802376,36.46868766904703,37.250787093801904,37.567483121566305,38.99751666818442,42.60377807471028,47.149209274691415,50.838372672597934,0.024108156191992997
TiO,32.49761890975736,34.441989689512596,35.6452655912931,36.48720204314688,37.06969299264313,37.28516388114887,38.45532262652435,41.18751914527051,44.537353554869824,47.43215358114836,0.012943601570868426
VO,30.852341914905487,33.65588645275979,35.18131008800715,36.3603433471275,37.20166212066941,37.615010885865615,39.58888631090318,42.96779168653123,46.09544428076185,48.15398964926009,0.017118164442352733
CrO,31.48935275502899,34.319299211907406,35.673640863519296,36.72171435302546,37.48679782226264,37.899905808028,38.85389791157641,40.706273136177046,43.19028128258883,45.24164942167782,0.0126951825923674
MnO,31.815548215746865,34.554331955819784,35.763179398636595,36.66630711249708,37.24967430622529,37.5271391882185,38.006937152997025,38.95027316041107,40.422998177281755,42.01641532656353,0.009977476566116373
FeO,31.00888331402689,33.78030142532433,35.24793498586061,36.70448967610997,38.31800026230216,39.25267860470067,39.79372591204766,39.973456424095005,40.38012500015081,40.95310127003336,0.007919178745699605
NiO,33.44770324613406,35.63707848334708,36.39209295296543,36.89792613457956,37.196512224834215,37.29639351934043,38.3007802070134,40.39325237043957,42.45999341183996,43.83447248399616,0.013122772713065957
CuO,35.744624463248115,36.86636558636498,37.35989761069179,37.778838966917604,38.3017025201759,38.75063561801804,40.144421860090446,42.22877324506554,44.203183274926374,45.389369729582945,0.007259230252078842
GaO,32.36330517102062,35.017826152239834,36.12210971913805,36.96080506633111,37.571725317343684,37.93256374163097,38.6668351371136,39.63501319992777,40.511267423765915,40.96308062137756,0.008826372250523424
GeO,30.97609419440161,33.788540916352275,35.27133578015779,36.41679983044861,37.19149507990927,37.568695551266416,38.08299205259189,39.07559288010685,41.70263287490823,46.551869041003876,0.02219214785956323
AsO,32.6398953051815,37.44596511707074,38.96197534726488,39.258524348789955,38.86532437205829,38.64867897579724,38.66435358840498,39.0716469385696,40.12410696942021,42.16363129432595,0.030164033094252894
SeO,32.35494390657058,34.552507563096285,35.81845028794765,36.8045188038098,37.91720005286514,38.82636308980847,40.25467782620706,41.738114733973966,43.382720305416775,45.03738466450285,0.005782918483325625
BrO,34.975394598893004,39.26586634659631,39.80885500033588,39.4630959887318,38.83802960528793,38.60215956064225,38.87247818586556,39.69725215564879,40.52245175403286,41.03005935089533,0.03368278617097918
RbO,42.06586080337996,41.714311164811434,39.96551255696167,38.76881377461937,38.005389778728244,37.738249223462304,37.555868853826574,37.48966613297065,37.45655438796622,37.407574194926426,0.013782377184600033
SrO,33.266806843892695,35.65276381843077,36.61726086658119,37.15155258011669,39.018178036111834,43.84303838991461,59.38372012170262,61.424512711072595,56.148570215842525,51.78688502406585,0.512034782895841
YO,31.67647273106089,34.45090083723085,35.71381413163061,36.66145519607909,37.29489835871108,37.580311757235826,38.32326647709724,40.17455243405358,42.97565610971248,45.88796911216038,0.01310996837326321
ZrO,34.92626271417913,46.119524848896525,47.87621443718673,44.601517778068114,41.29803547589721,40.36772435576336,41.16921885188917,43.43442487928352,45.88453166861591,47.74410447301876,0.18502492318710168
NbO,30.944564012443582,33.74484351504488,35.22244985823846,36.35460332318558,37.11358225455844,37.44348819416682,38.23152799399696,39.83441831779096,42.004243363343086,44.11197701877067,0.010247762918403956
InO,32.811219578379294,35.322267435762264,36.30145511546786,37.00316501072547,37.391981534078695,37.586894274788406,37.96349644275773,38.54453183103255,39.495885560330834,40.68109003678525,0.009437481551251539
SnO,31.999932448527453,34.739200951064845,35.92507590520095,36.82728251737251,37.444472336198416,37.78331297844957,38.29400954105204,39.08504295210132,40.81951968868812,43.79056648605106,0.014186024252454153
SbO,31.978238993487928,35.20116646405247,37.60650758998671,40.09802107799848,41.19288007320358,40.937185051873016,40.333780755845126,40.719730016537916,42.55586825279777,45.50954965452253,0.019878527372564268
TeO,35.38647148910752,38.35655310394974,38.569880883370246,38.46424316066131,38.30630323423786,38.335085010024805,38.64420146889705,39.22276073954524,40.24227245298861,41.786932609385545,0.021790083560153
IO,33.01337872353355,36.03318297382829,38.40084095467048,41.00595704699947,41.97961367752149,41.45189113275425,40.52606191879691,40.62386680199384,41.5711743303349,42.65949161301545,0.01723205907794488
BaO,33.074150891021304,35.491502699147816,36.40388538396852,37.06305889588149,37.58697115855827,37.694956619813595,39.93560175753035,48.652972153769625,60.03081293684838,66.32122572788133,0.24706430528754386
LaO,31.983680152763732,34.70002003016165,35.87914329072418,36.71552759852425,37.79764101159273,39.49453263187065,44.444235692917076,48.26306502422506,49.95181847634418,50.374147126093575,0.016325256511476892
TbO,31.84568753635075,34.54325579845612,35.693174402841066,36.52588620576795,36.997790575654264,37.176834980651186,37.308669545390174,37.35414698719369,37.375913604936464,37.390206631620735,0.00838838737136167
LuO,31.796119416842068,34.556488843908475,35.78393389422892,36.70780210209416,37.31830474776696,37.616277780718974,38.14807573183809,39.589053593428595,42.42065708363775,45.99637846338679,0.014389736193522573
HfO,31.017588900569116,33.82069074273174,35.27229899563285,36.38239497455919,37.118494564802894,37.4263550655442,38.200171077592785,40.53950364609753,44.748892564598506,49.64471314255157,0.018502987444422924
TaO,30.746580918630883,33.54706849233887,35.33714532042213,37.582871071516706,40.1745335709884,41.30001409483398,43.20938459226872,45.991212773959745,48.65583988800979,50.56494479648441,0.010020945975004183
WO,30.58757928672116,33.31270497350293,34.875386947610274,36.07672815793981,36.84528205867965,37.159262173429916,37.4733778724029,37.870510028439895,38.588868721897065,39.5333168855416,0.007599851697555386
PtO,31.775169415011597,34.56764441459866,35.830651838158246,36.80399865703859,37.49597257582239,37.872214925152846,38.6526141787882,40.17266684438758,42.62407587244827,45.502046482424774,0.011901349261678944
PbO,32.695021537403605,35.26233060208538,36.28849618972183,37.04655562165671,37.66087188053997,37.8573332935455,40.29852119287733,47.93962224214108,57.44647730005491,63.35556242553942,0.1376954765982603
BiO,32.9463073621135,35.45269909738087,36.44617014780658,37.18228056168316,38.06169360369637,39.24043109571505,42.662581400112984,45.9447942203296,48.337288733967625,49.888146170117864,0.010577662026290915
ThO,31.448008747034734,34.23390149749971,35.585770584027635,36.85927640541028,39.929667990346175,43.17829726381456,50.583951273433705,56.96548735088194,59.07905764313112,57.78160509614568,0.04331143158456904
BO+,29.195817741384783,30.435459921823313,32.22192696500804,34.16908013132218,35.771052008294305,36.476279318214736,37.09918628641274,37.38471366636844,37.66779273754652,38.04476794582764,0.004308608095564928
SiO+,29.197791468792104,30.43612081409107,32.22347451233794,34.17165945017375,35.774312755473076,36.48248323545061,37.105361569735514,37.375842077413324,37.54077693451298,37.67068450591466,0.0038869477202134587
PO+,29.582407505834055,31.689918593997746,33.56505783116168,35.206892431716724,36.38062466115578,36.8708750155115,37.30301155339993,37.50248850508712,37.64265651959266,37.763766766169844,0.004564221703152958
SO+,32.47180010577804,33.21714278524911,34.54822864789819,35.69990872925018,36.565066310627174,36.90939903465217,37.189082077067226,37.45047505843527,38.201392796242516,39.66376776472296,0.005959043326683285
AsO+,30.4900128021882,33.216832956629844,34.84900016385636,36.14084144679729,37.01833163459554,37.42870076880494,37.90119486398166,38.26819804095532,38.650710648323965,39.169718865004256,0.006773983912904531
TaO+,30.645771436219388,33.4022024398295,34.970158963053805,36.19080741517013,36.99943202604001,37.3551486846431,37.84564329671685,38.61031683207981,39.69298848955495,40.838248139208844,0.007632164328238971
FeO-,32.444576346553006,34.994624111929305,35.988121378042976,36.68698613187828,37.07639864793211,37.222654719495345,37.32876286443158,37.36599645163815,37.38467220007266,37.39420881653052,0.008483519604215306
LiF,31.48158227144024,34.358850988543104,35.76838055702377,36.891292455123576,37.92736877392099,38.69372948869369,40.41688561299029,42.71983114923043,44.432932628526316,44.48148359158722,0.01435074379698038
BeF,29.998550859291562,32.52240931970655,34.36186110533137,35.91078576219279,37.067033013346716,37.65318192020046,38.44737909534823,39.215808340582356,40.2369669630541,41.67290513915715,0.006717032890890953
BF,29.642905004348606,31.83724237962966,33.77051986834239,35.497040809590764,36.821827003326646,37.47478469846098,38.286632140583436,39.078241274760344,40.48441337145769,42.90284364543925,0.009217011988577689
NaF,34.347648064821854,36.364176339889575,37.11676073784513,37.745785151109246,38.39607850215562,38.93565566873802,40.115149890225254,41.3082359052849,42.136772851579764,42.220758303566605,0.007383604655587724
MgF,32.81954891338251,35.39697194471068,36.440258562771945,37.25691845335652,37.94124090531095,38.41249766008002,39.511790979276824,41.12850917249625,42.93887452072141,44.4039041802618,0.009893496281404247
AlF,32.12252806255397,34.86836873398942,36.05977327895714,36.98238805858377,37.6647200056134,38.08037452074806,38.78358935214756,39.78354419845458,41.716333044423436,44.67062447652767,0.013042498642874371
SiF,31.74171517582815,34.54846030076516,35.83158505625746,36.82349503704566,37.53274706267756,37.935102122012594,38.564824447534995,39.297282331568404,40.377970192266176,41.86461230631152,0.009649367595036307
PF,31.783510917889977,34.55972386063611,35.80712318726093,36.748832386949324,37.63771126373358,38.5713960801589,40.42977205876653,41.80163992758217,42.9722890450627,44.413045622361125,0.009134787506612958
SF,35.018906135540576,36.549675957420384,37.07470942807129,37.37249155169282,37.54583731919827,37.646185236742454,37.83658393955259,38.0862887838078,38.411749430427975,38.79404355256008,0.005962201834266143
KF,35.302458239107786,36.84257176279222,37.42457364525791,37.93909243968109,38.63166784799523,39.28790109640225,41.40305236741327,43.51609139608151,44.06212124639845,42.96600131534504,0.011905030067965911
CaF,33.87848375724493,36.03225038777251,36.817490603672184,37.42777989869179,37.97029906511982,38.33387990870362,39.53620291156552,42.20204841384197,46.02547622356262,49.85583083733461,0.014990876232038937
ScF,32.5713017677755,35.1629909844863,36.209587342189465,36.970404351248376,37.627591153846886,38.237948607820584,42.03326695562539,47.354906905109,51.67943593526114,54.37842747682839,0.030505863580363567
MnF,33.48726980024642,35.719636508628405,36.51694106367891,37.095421108664254,37.48790802951248,37.71424563696786,38.09299484013732,38.610525021959994,39.44441265731626,40.53987390489448,0.008690508969892546
NiF,32.44441564966107,34.99454430477948,35.98815813143885,36.68708403223255,37.0765306283595,37.22257803067187,37.32820128406407,37.367353577312,37.383483026193645,37.39301049837223,0.008489429556490208
CuF,33.545730989466385,35.85891163133563,36.73720922781397,37.4248515995326,38.04919921583688,38.47056754932055,39.826555706517176,42.74823427036055,46.53944931710588,49.67070309331878,0.018190120250409916
ZnF,33.420528215305694,35.68737227967782,36.50863594758978,37.10801550994819,37.52892888553396,37.77820981066971,38.23909864580364,38.86508434255565,39.607590541675705,40.19135771563927,0.008221169740722387
GaF,33.52763063738216,35.83022784740265,36.68984592411665,37.35925931308056,37.91567316525016,38.312494426672146,39.13275460074323,40.259496973440505,41.8735646173368,44.09465835342575,0.009995152635821703
GeF,35.10800931322818,39.279478571724006,39.961832119817174,39.719480348108064,39.1579155321161,38.97434032645286,39.23081553411585,40.06569939901684,41.56016533935217,43.55433491099018,0.031179261387842248
AsF,33.72407029857,35.736261830227946,36.60240159942678,37.238254257262426,37.87710139532166,38.51369393710705,39.8252472125869,41.38214496436684,44.01585369934608,47.93851271162953,0.01175996585673321
SeF,32.317392020362654,34.90453155756956,35.92937119043612,36.6556607409028,37.06141781115566,37.21332766518472,37.32567598324505,37.36206736367154,37.385314084264394,37.38915433982877,0.008488872629398618
BrF,33.12478870569994,35.57623340110723,36.52984921020037,37.24687144142295,37.90209659538909,38.12312513363051,40.889146580861336,49.44845901518427,57.89026890839938,59.82794802240146,0.2297080240233617
RbF,35.747876519736614,37.03967425901415,37.538959713538446,37.99365299834788,38.646881349647,39.28331128592676,41.27655917181106,43.17295278617516,43.66466315295492,42.72289124752168,0.009366981907995241
SrF,34.572473290263275,36.400268408354385,37.046169994972125,37.55204902331701,38.0536942797612,38.395556028674406,39.86522222911983,43.07180253419129,47.17879248076258,50.80714442076611,0.016725023955880963
YF,33.41320941930201,35.72247192420586,36.57309768166043,37.208489795907425,37.70474844653778,37.967836443216235,39.06371112664873,41.89900885915429,46.21799652702529,50.885339331934745,0.017420244624513165
AgF,34.489706817636645,36.3726745219567,37.04918336895684,37.586085955074324,38.11473246894795,38.52759122342522,39.57329321751146,41.003624384593465,42.4117974938379,43.439139015229195,0.007564450620119895
CdF,34.140629096638754,36.019913856925996,36.623242096111994,37.02242305740401,37.2364572945138,37.31267964316186,37.370372988896584,37.39192759950545,37.43587961489538,37.54016387117676,0.0071324039592417085
InF,34.28675745638966,36.25769708077007,36.966739349955745,37.522177375157426,38.04758785238002,38.4458375572581,39.43114612150207,40.949557934457516,43.17206014077433,46.155212864819035,0.009863121408006253
SnF,33.86413250630936,36.418233500623955,38.325690964539675,40.50781844661597,41.542634074083665,41.32272376885112,40.86403089147613,41.39937549956089,43.03981525207284,45.12300626985349,0.014448210897925633
SbF,36.30667087528957,39.60665677841318,39.734096714284675,39.32664715082918,39.055981713296525,39.33422443061852,40.38395315562393,41.6255422635525,43.112825197663554,44.70931039132735,0.026335037584697886
IF,33.61917020035898,35.869963367664994,36.707290560098556,37.32182942700577,37.94547255970053,38.08159240071217,41.84564918464265,54.0576824014653,65.98082746409885,68.14534298997016,0.4980476293531941
CsF,35.93376515159371,37.10796818851301,37.56550948689226,37.98556623833811,38.603836030980716,39.201317529510774,41.171734834132955,43.216317041384876,43.93389633471993,43.19996799489634,0.009651633462026656
BaF,34.85925657803142,36.527145607105155,37.11093225663792,37.5502990146194,38.04483347609377,38.419756906822144,41.29734878664827,46.53890894510883,51.898675823562826,55.686783872187775,0.03174438805012479
LaF,33.85537125210645,35.890343030995155,36.57286594355881,37.042124984892425,37.319184329153,37.444849052385806,37.58869862815365,37.69867179748607,37.8021506460394,37.91329060949555,0.007457365436337303
HoF,33.55220476194567,35.807357405317404,36.629395081579034,37.24880577991787,37.72629969203871,38.02904536379535,38.68971385853345,40.093649077363764,42.617481452927834,45.67967217214968,0.01200165740528226
YbF,34.57412502749427,36.39673988762138,37.04024926137697,37.5415150504452,38.02760004798823,38.37448011939938,39.48699972003945,42.09362067688686,45.77528994912596,48.91937504726604,0.01701764971629189
LuF,33.58538015531623,35.828851053423705,36.64966538373595,37.262458948338846,37.75986593961642,38.02477751822781,39.21156197913203,42.83518193937756,48.66776549001519,54.48841132932293,0.03008542446485597
HgF,34.67329012012978,36.43647124808465,37.05575666173924,37.55499217989489,38.08326909142996,38.660438053097494,39.970358074510585,40.095963176923036,38.933449046067096,37.479119388970446,0.009187804738729098
TlF,34.8107886048339,36.53326240559389,37.14721783626244,37.64058957812918,38.15018346588094,38.56107200302239,39.646657238981554,41.15570307569939,42.80591320597557,44.57113097674886,0.007241913912680009
PbF,34.569363334633444,36.39485227483805,37.046747626825436,37.53912785052178,38.17569179587262,39.02648262683313,41.43297751645142,43.67090796937497,45.25072994329653,46.1644099865964,0.007449598138778712
LiNa,36.78037540179542,37.64502019109264,38.14429530303855,38.99434847222358,41.73638945101304,44.18789946403222,41.33509760598583,36.749869381680014,34.03710748243259,32.438489264970315,0.1237374148546907
AsP,33.62683559963329,35.823917501892694,36.61077669470203,37.18842513591207,37.60536275272236,37.85775221763451,38.28380972244218,38.75797314041327,39.481545538005136,40.67544224808435,0.009070781436412547
SbP,34.54055790970294,36.32250377139234,36.922761424612375,37.36673376172847,37.71713783182213,37.95526403482276,38.38738185742217,38.94190159078302,39.90119156371899,41.433967901446664,0.008128038203586006
BeS,30.945251329948782,33.77204073686419,35.31076098545672,36.45695572710582,38.00565540270918,40.375689867404006,47.51980902774021,52.694543787721344,54.37291548871532,54.11382000684273,0.03107601909224236
BS,30.175518371933485,32.78838169528398,34.53718924727123,35.95906504675216,36.97840945284482,37.41164365120167,38.65211513992047,41.47859470177066,45.20869626313198,48.77450038865926,0.013227605387529253
MgS,34.34634034235869,36.29129352004592,36.98761126451095,37.53710501101791,38.06098893635319,38.46150138622415,39.491618623660315,41.132146803296536,43.069317106056175,44.67436803990616,0.008838037306941056
AlS,33.559830500257114,35.836216121034994,36.67973546954384,37.32868519842478,37.87923332704102,38.251858854786406,39.273283764887054,41.32644953452882,44.00733659779375,46.275688963593204,0.012722962375266083
SiS,32.449561022369664,35.06700232124594,36.12535606173225,36.913719849516795,37.44367548552529,37.73157569332581,38.1435188058527,38.682046128159975,40.30597107638703,44.3397857594437,0.026512138709198364
PS,35.24685350197353,36.435037721851224,36.93370053801674,37.28464598340507,37.55660775829979,37.722729501688235,38.010904956988426,38.4803294902948,39.368872168234475,40.684742904010264,0.005370822748784514
CaS,34.911954626358444,36.5417964290067,37.1054154156983,37.53906158162876,37.96081327118094,38.26316708047292,39.281317314478834,41.21724188154887,43.604036432482395,45.644073751969316,0.009434366661932316
ScS,33.92622603114644,35.94839415398871,36.63637245210613,37.11341911595561,37.444251077584596,37.62441532494145,38.6115501715172,40.24572293931834,41.78663124751253,42.988159942907146,0.009581668413976929
TiS,34.93872843286907,36.40416999894939,36.98315899159609,37.39902014793809,37.788216712695274,38.086166196131586,39.58149420496006,41.786319121715536,43.89977913135083,45.67332678351602,0.008108026715032376
CrS,33.49099736039109,35.74381071112498,36.557793244692384,37.16242272892472,37.60892079988129,37.88846886552223,38.51050378945193,39.466588312110154,40.489477227005494,41.18068563242424,0.008595292503621945
CuS,38.972493943238426,38.98991745619206,38.521646702157085,38.23554606598688,38.16520757229542,38.25895943765394,38.8012434529567,39.880481826498865,41.08194653795106,41.857665026204984,0.005629411895178461
GeS,33.86990885657235,35.96310664962895,36.69690405703967,37.237748858690495,37.631818344814604,37.88078538691019,38.304321483288604,38.78229565227234,39.51732569958332,40.75364076693137,0.008884804039345663
AsS,33.94599272233202,36.0142191894882,36.740852192748555,37.27849383939891,37.687933679852065,37.94966339538617,38.47411059166268,39.42300273145812,41.0244556670428,43.05285041383851,0.009237183869956558
SeS,35.54809659148653,36.6773694716525,37.12774752286582,37.463649582120624,37.76551207545667,37.98946238148507,38.43284331300264,39.045959771207464,40.14855621161401,41.860040590748426,0.005822377604963787
SrS,35.55105717702213,36.833396177255125,37.27362860013951,37.624228186722085,37.99163603790036,38.294789965146705,39.02726934508047,40.15656697781478,41.626113709510506,43.020486678364435,0.00592548892082847
YS,34.60132147615375,36.25123533781604,36.76275678419144,37.08884948596938,37.28580465389054,37.3299309340192,38.301101132530206,40.41306112559175,42.436866895044844,43.6950203946339,0.01215119636540873
SnS,34.650934960541555,36.37420761629317,36.95151426390673,37.37654811504541,37.7171741268438,37.94941107940052,38.407267900999365,39.414407687493224,41.824894151388534,45.71025277493442,0.01335650660788086
TeS,34.8066743759738,36.463304767493696,37.021670402673806,37.440371971189364,37.79863448021031,38.06035035600114,38.60867601378996,40.02526580225222,43.34732524502445,47.8417240022486,0.015357973405049413
BaS,35.60082280353451,36.818898726426895,37.23530296155651,37.50803823196662,37.92379401442051,37.92689981820267,42.59219403168434,52.54633394280263,58.788489721189066,58.52105616773315,0.22326422704548368
LaS,34.907764082619046,36.482104856905174,36.99617653677585,37.367503386927254,37.66938314040199,37.84936495902174,38.685267825250456,40.21404185692205,41.875297528407515,43.341383983657906,0.007828170342954145
PbS,35.17670261295785,36.64086831089127,37.13297578018911,37.500032126053895,37.85619848080944,38.07087227461588,39.26780743132501,42.78419137850133,48.54287702597958,54.479312112971584,0.0256241709837242
BiS,35.376213974718326,36.75748402325742,37.23034757241666,37.59929342916691,38.000758194934164,38.295235767261374,39.860275639470046,42.89682647532511,46.26870488053001,48.72162117212771,0.014774612511550073
LiCl,33.413963010294474,35.82635668611952,36.77100637435639,37.537983885860825,38.257145654651225,38.80792290537325,40.086263020804566,41.716151798728504,43.01120031030463,43.14223565187625,0.01101289278994539
BeCl,31.82689174587076,34.635554851320414,35.91246488211473,36.91055131478198,37.65640479815015,38.10887366431824,38.905233078480435,39.944209806837016,41.53728505288949,43.65339124408969,0.010393139542619575
BCl,31.871798111956302,34.67075771975709,35.93575971381208,36.91343998024584,37.63826420479265,38.04069346475045,38.89168467390823,40.88990892692779,44.38148415704941,48.437543599134756,0.015665124089799823
NaCl,35.847146906142406,37.08813455786442,37.56803240788969,38.011048908037964,38.607370677539464,39.16871730313345,40.5674729854624,42.03338321547638,42.755911523661865,42.247948432640534,0.0070648742698537674
MgCl,34.94502376115692,36.5966765826369,37.18505110958672,37.66102867358447,38.1627849483593,38.5757722361162,39.69022348396543,41.3844154265273,43.25891678478389,44.73135492161147,0.0077513039246624215
AlCl,34.76132254978998,36.50095860411994,37.112591169172774,37.60152495930313,38.07203063317429,38.447694068580105,39.28212938458098,40.684901089761695,43.146891759490096,46.421572711992475,0.009889158507117421
SiCl,35.79274281135208,36.84929015393217,37.28595839725427,37.638817966364044,38.019633021732275,38.335557039506696,39.00695296069969,39.950593528624104,41.38463257274496,43.32220963879497,0.005318556156684792
PCl,33.86849135087183,35.95647802599912,36.692714793930776,37.23192685437935,37.65623350440945,37.935183100698325,38.895332246284184,40.305770249203206,41.406690595337594,41.78297202967292,0.009237134138118674
KCl,36.486010059079575,37.33376173192185,37.69396090914243,38.064206792193794,38.692571920509025,39.50294168954066,41.29796876109061,41.390772629548096,39.84580833330595,37.93449242638472,0.009306362442387868
CaCl,35.72630879084171,36.912604497790205,37.32406832378865,37.653048617845506,38.04404174411124,38.32458113967289,39.66935959604291,42.672476189190284,46.32615079325603,49.318453361451986,0.014119747477871702
ScCl,35.05974020244933,36.63404128841567,37.18778209623705,37.62011068391904,38.10242676065171,38.454926057585965,40.44245480649654,44.743362100137716,49.98683887126502,53.989514839223844,0.028694674606620986
MnCl,35.47910911339786,36.65342459305991,36.99872472275227,37.21000001959558,37.323834011998386,37.362842795775656,37.392486889203155,37.46716056445943,37.75981616377299,38.36375702442102,0.0054925552657647736
FeCl,35.24357415429391,37.57030670315295,39.16769545639774,40.9173431309418,41.74764729508867,41.367604816392316,40.0496388000184,39.083068133696216,38.562327140594434,38.21912303260065,0.008719791027108754
CuCl,35.34622754000987,36.77301217400142,37.27898322863752,37.685236144762584,38.14983736834786,38.505104028182835,40.034418907182726,43.961435025245635,50.05875421253056,56.0115097211538,0.028217365615525538
ZnCl,35.488940062739346,36.7492110995455,37.16013511394438,37.46254498254121,37.74340459490467,37.95419131919897,38.49925730737059,39.36631692959217,40.44236321715913,41.53586690789331,0.005560800939389654
GaCl,35.771395949701486,36.96798200402969,37.393886375473784,37.754973097764534,38.17735119792353,38.54743462878511,39.479480116408226,40.90263040886465,43.12446132653865,46.17934602927169,0.007367960984454052
GeCl,37.093761492347824,40.32845233704187,40.6745432441679,40.06309621166152,39.131614902165296,38.70798567101254,38.56285827614207,38.86166220681718,39.52058894873012,40.34166584851118,0.02378120258696594
AsCl,35.03706729553862,36.54496056150428,37.04140606555932,37.404894879929756,37.71696701710283,37.94025502008074,38.4988120056167,39.29674546804843,39.9822110566491,40.16662868780435,0.006329573495983106
SeCl,33.61817886957077,35.73547202967899,36.45109945616119,36.933667946786855,37.194517226137805,37.28834960155987,37.360226434643195,37.38378782801749,37.39320024351224,37.40618075221401,0.007701107060622571
BrCl,35.08131682743459,36.63486747408424,37.1875381492382,37.59044116369936,38.143555110283486,38.230447091686656,42.13539088649714,52.61034654290249,59.820997991094856,58.96857545613874,0.31345259832066924
RbCl,36.90464409575283,37.578015154873114,37.92733460778267,38.33307468232907,39.14491295299609,40.239178614712344,42.58437365314434,43.08779352068504,41.88416697399424,39.97423003183073,0.007939446471287638
SrCl,36.20230508411438,37.05176873439119,37.335555024552804,37.54880575197812,37.809635204414946,37.96111482153638,39.238296097254256,42.35193901498441,46.139728252913564,49.295126877047714,0.014389871090279999
YCl,35.63326191467311,36.89154319077362,37.333487192811006,37.69383181909258,38.106648224197414,38.43021385337313,39.63899414789199,42.12552169136043,45.46935092800511,48.35303121174134,0.012373380028787793
AgCl,35.95545968884185,37.04903333734495,37.447387452140546,37.79182219137841,38.22219185188712,38.60686398346789,39.67326932040926,41.208571627111425,42.71570060581009,43.73893519821388,0.005691781766508499
CdCl,35.97058922645209,36.943893982649385,37.26005470615857,37.492634778765975,37.71715081693534,37.89582616687299,38.32197574828971,38.97588277874837,39.76865208457143,40.45475927102784,0.00453949089036133
InCl,36.16739412318459,37.143336502794654,37.50796517596051,37.83247192861704,38.26149169747211,38.65327576715916,39.73872725821117,41.47945400204419,44.18786121907425,47.848718467256994,0.007397832929384159
SnCl,35.80704381126582,37.28717383003667,38.752728613111884,40.668672930377824,41.604298570868444,41.34496329732961,40.79053991453519,41.13561110896376,42.24641516723223,43.32851657206509,0.00998509072333144
SbCl,38.17850820636071,40.546216428221314,40.25240848909531,39.447865402477376,38.60711864116432,38.252990465535305,38.186031701772265,38.481596815867235,38.96544746304439,39.564223653162784,0.02155484533416464
ICl,35.606201897554456,36.87953783932533,37.353369144495936,37.63955743919354,38.351260915685515,38.247349495750306,48.33851150148877,62.805598668654596,63.054260669914086,55.40083617210763,0.9396020640565406
CsCl,36.97198870017142,37.57960133114754,37.89644791568759,38.265270869645235,38.99857719503113,39.90818587568311,42.400726024265936,43.64644460136908,42.89033496243943,41.03777715170776,0.008911367280275768
BaCl,36.3802104678811,37.132540595116524,37.3970690757252,37.58313428056004,37.94294759437244,38.41190203250436,42.22658475872161,47.41586238630363,50.75346342170947,51.75089348798417,0.03481119177857627
YbCl,36.297695503821856,37.128924165017565,37.42640018884576,37.67547818738578,38.021065051672394,38.3333012770218,39.674576367804036,41.92744947538347,44.31561659376246,46.17996344726481,0.007282068315525036
AuCl,35.544405349664906,36.760102251043506,37.15295557399915,37.43377672718229,37.685226053930165,37.8550784273969,38.37932357459772,39.76622404904281,41.999460174330366,44.224964339021206,0.008416137543856648
HgCl,36.33914820070896,37.19496658414396,37.52030465885729,37.83245124214197,38.3195570941233,39.035272420511795,40.204744782166415,39.79131906086302,38.62061017555137,37.83889310607301,0.008935237100047419
TlCl,36.425586616118515,37.251487834784044,37.57624588993802,37.875506339134304,38.30275948821232,38.70201226911854,39.85063520223158,41.46891808974528,43.024012341494846,44.024468688637754,0.005165254047861072
PbCl,36.18513560707552,37.03410565357217,37.319546506255335,37.5173309889114,37.88615819969218,38.54978083534789,40.507427070142114,42.11304332738129,42.93410247012561,43.08347008778783,0.004812636023101727
AlSe,34.816115788798555,36.43481375333201,36.96833661903281,37.3556557782764,37.668785435271346,37.883457915472064,38.37671467565838,39.20865001420893,40.2874587848448,41.220843130087,0.006837920214664134
SiSe,33.8326298528375,35.94111290006488,36.68333405300561,37.22748400434578,37.625256375075374,37.873171025769935,38.30507858728734,39.25803011271741,41.67298330055355,45.67651919238823,0.01565884218345882
GeSe,35.35928438974409,36.72641658607313,37.1855280785511,37.53680721308731,37.872835880985875,38.134848467548764,38.72163425303226,39.6069294419673,41.01426473977318,42.84982945079756,0.006529660396038457
KBr,37.00067398717136,37.620836060701805,37.95681305027452,38.3582613229354,39.17031462554931,40.25694220885984,42.55308423111012,43.072473988272684,41.859340684075335,39.865211137902925,0.007537332827019618
SiTe,34.663406511146164,36.327469193840024,36.862305452279664,37.23309110079762,37.48343813776934,37.625558562021865,37.85316305523473,38.15993183312146,38.88492082309776,40.305226052767736,0.008307343901739974
GeTe,36.05945844164167,37.02435633423484,37.35298549548595,37.61527221889011,37.8990651970105,38.1359023196564,38.673000480374554,39.51079513296105,41.10394096550701,43.50056020986725,0.006483286960631313
KI,37.14517258415337,37.66589590356038,37.9677579241573,38.339487752604384,39.104329605144116,40.06701214287452,42.42029439758992,43.4052178342768,42.549289699502175,40.715641254062966,0.007396161610126984
